faostat,M49 Code,Country,Item Code,Item,year,Months,Producer Price (LCU/tonne),Producer Price (LCU/tonne) flag,Producer Price (SLC/tonne),Producer Price (SLC/tonne) flag,Producer Price (USD/tonne),Producer Price (USD/tonne) flag,Producer Price Index (2014–2016 = 100),Producer Price Index (2014–2016 = 100) flag,Frequency,date
9,32,Argentina,236,Soya beans,1991,Annual value,1655112,A,165.5,A,173.6,A,5.15,E,Annual,1991-01-01
10,36,Australia,236,Soya beans,1991,Annual value,354,A,354,A,275.8,A,62.87,E,Annual,1991-01-01
11,40,Austria,236,Soya beans,1991,Annual value,,,,,,,86.9,E,Annual,1991-01-01
16,50,Bangladesh,236,Soya beans,1991,Annual value,,,,,,,40.72,E,Annual,1991-01-01
23,84,Belize,236,Soya beans,1991,Annual value,,,,,,,82.52,E,Annual,1991-01-01
18,64,Bhutan,236,Soya beans,1991,Annual value,,,,,,,4.63,E,Annual,1991-01-01
19,68,Bolivia (Plurinational State of),236,Soya beans,1991,Annual value,532,A,532,A,148.6,A,25.01,E,Annual,1991-01-01
21,76,Brazil,236,Soya beans,1991,Annual value,66033,A,,A,136.5,A,,E,Annual,1991-01-01
233,854,Burkina Faso,236,Soya beans,1991,Annual value,,,,,,,37.69,E,Annual,1991-01-01
29,108,Burundi,236,Soya beans,1991,Annual value,,,,,,,19.99,E,Annual,1991-01-01
115,116,Cambodia,236,Soya beans,1991,Annual value,,,,,,,5.57,E,Annual,1991-01-01
32,120,Cameroon,236,Soya beans,1991,Annual value,,,,,,,88.48,E,Annual,1991-01-01
33,124,Canada,236,Soya beans,1991,Annual value,222,A,222,A,193.8,A,49.97,E,Annual,1991-01-01
41,156,"China, mainland",236,Soya beans,1991,Annual value,1071,A,1071,A,201.2,A,22.56,E,Annual,1991-01-01
44,170,Colombia,236,Soya beans,1991,Annual value,222272.2,A,222272.2,A,351.1,A,18.87,E,Annual,1991-01-01
107,384,Côte d'Ivoire,236,Soya beans,1991,Annual value,,,,,,,7.68,E,Annual,1991-01-01
58,218,Ecuador,236,Soya beans,1991,Annual value,357000,A,14.3,A,341.2,A,2.42,E,Annual,1991-01-01
59,818,Egypt,236,Soya beans,1991,Annual value,850,A,850,A,270.9,A,19.54,E,Annual,1991-01-01
60,222,El Salvador,236,Soya beans,1991,Annual value,,,,,,,46.34,E,Annual,1991-01-01
62,230,Ethiopia PDR,236,Soya beans,1991,Annual value,980,A,980,A,468.7,A,,,Annual,1991-01-01
68,250,France,236,Soya beans,1991,Annual value,2874,A,438.1,A,509.4,A,125.22,E,Annual,1991-01-01
79,276,Germany,236,Soya beans,1991,Annual value,,,,,,,106.74,E,Annual,1991-01-01
84,300,Greece,236,Soya beans,1991,Annual value,,,,,,,57.46,E,Annual,1991-01-01
95,340,Honduras,236,Soya beans,1991,Annual value,,,,,,,12.23,E,Annual,1991-01-01
97,348,Hungary,236,Soya beans,1991,Annual value,16338,A,16338,A,218.6,A,15.55,E,Annual,1991-01-01
100,356,India,236,Soya beans,1991,Annual value,,,,,,,27.16,E,Annual,1991-01-01
101,360,Indonesia,236,Soya beans,1991,Annual value,923821,A,923821,A,473.7,A,11.11,E,Annual,1991-01-01
102,364,Iran (Islamic Republic of),236,Soya beans,1991,Annual value,252200,A,252200,A,492.9,A,1.31,E,Annual,1991-01-01
106,380,Italy,236,Soya beans,1991,Annual value,620000,A,320.2,A,499.8,A,114.58,E,Annual,1991-01-01
110,392,Japan,236,Soya beans,1991,Annual value,239333,A,239333,A,1776.7,A,154.95,E,Annual,1991-01-01
120,418,Lao People's Democratic Republic,236,Soya beans,1991,Annual value,,,,,,,6.16,E,Annual,1991-01-01
129,450,Madagascar,236,Soya beans,1991,Annual value,,,,,,,77.68,E,Annual,1991-01-01
131,458,Malaysia,236,Soya beans,1991,Annual value,,,,,,,43.06,E,Annual,1991-01-01
133,466,Mali,236,Soya beans,1991,Annual value,,,,,,,93.63,E,Annual,1991-01-01
138,484,Mexico,236,Soya beans,1991,Annual value,1268,A,1268,A,420.1,A,21.1,E,Annual,1991-01-01
143,504,Morocco,236,Soya beans,1991,Annual value,3700,A,3700,A,425,A,113,E,Annual,1991-01-01
28,104,Myanmar,236,Soya beans,1991,Annual value,8188,A,8188,A,,,1.33,E,Annual,1991-01-01
149,524,Nepal,236,Soya beans,1991,Annual value,,,,,,,12.07,E,Annual,1991-01-01
157,558,Nicaragua,236,Soya beans,1991,Annual value,,,,,,,3.57,E,Annual,1991-01-01
159,566,Nigeria,236,Soya beans,1991,Annual value,3960,A,3960,A,399.6,A,3.86,E,Annual,1991-01-01
165,586,Pakistan,236,Soya beans,1991,Annual value,5750,A,5750,A,241.6,A,12.53,E,Annual,1991-01-01
166,591,Panama,236,Soya beans,1991,Annual value,,,,,,,49.9,E,Annual,1991-01-01
169,600,Paraguay,236,Soya beans,1991,Annual value,189000,A,189000,A,142.6,A,10.16,E,Annual,1991-01-01
170,604,Peru,236,Soya beans,1991,Annual value,260,A,260,A,336.6,A,10.94,E,Annual,1991-01-01
171,608,Philippines,236,Soya beans,1991,Annual value,9750,A,9750,A,354.8,A,41.45,E,Annual,1991-01-01
117,410,Republic of Korea,236,Soya beans,1991,Annual value,1028225,A,1028225,A,1402.1,A,26.88,E,Annual,1991-01-01
184,646,Rwanda,236,Soya beans,1991,Annual value,35270,A,35270,A,281.8,A,7.52,E,Annual,1991-01-01
202,710,South Africa,236,Soya beans,1991,Annual value,723,A,723,A,261.8,A,13.16,E,Annual,1991-01-01
203,724,Spain,236,Soya beans,1991,Annual value,47220,A,283.8,A,454.4,A,59.58,E,Annual,1991-01-01
38,144,Sri Lanka,236,Soya beans,1991,Annual value,12840,A,12840,A,310.4,A,9.55,E,Annual,1991-01-01
207,740,Suriname,236,Soya beans,1991,Annual value,9650,A,9.7,A,1406.4,A,0.07,E,Annual,1991-01-01
211,756,Switzerland,236,Soya beans,1991,Annual value,,,,,,,216.53,E,Annual,1991-01-01
212,760,Syrian Arab Republic,236,Soya beans,1991,Annual value,,,,,,,13.57,E,Annual,1991-01-01
216,764,Thailand,236,Soya beans,1991,Annual value,7570,A,7570,A,296.7,A,48.92,E,Annual,1991-01-01
223,792,Türkiye,236,Soya beans,1991,Annual value,1255000,A,1.3,A,300.8,A,0.11,E,Annual,1991-01-01
215,834,United Republic of Tanzania,236,Soya beans,1991,Annual value,,,,,,,2.45,E,Annual,1991-01-01
231,840,United States of America,236,Soya beans,1991,Annual value,205,A,205,A,205,A,58.68,E,Annual,1991-01-01
234,858,Uruguay,236,Soya beans,1991,Annual value,404150,A,404.1,A,200.3,A,3.93,E,Annual,1991-01-01
236,862,Venezuela (Bolivarian Republic of),236,Soya beans,1991,Annual value,14454,A,14.5,A,254.4,A,,,Annual,1991-01-01
237,704,Viet Nam,236,Soya beans,1991,Annual value,2610000,A,2610000,A,260,A,14.52,E,Annual,1991-01-01
181,716,Zimbabwe,236,Soya beans,1991,Annual value,560,A,1.5,A,,,0.28,E,Annual,1991-01-01
9,32,Argentina,236,Soya beans,1992,Annual value,166,A,166,A,167.6,A,5.17,E,Annual,1992-01-01
10,36,Australia,236,Soya beans,1992,Annual value,352,A,352,A,258.5,A,62.52,E,Annual,1992-01-01
11,40,Austria,236,Soya beans,1992,Annual value,5300,A,385.2,A,482.3,A,115.67,E,Annual,1992-01-01
23,84,Belize,236,Soya beans,1992,Annual value,,,,,,,85.48,E,Annual,1992-01-01
18,64,Bhutan,236,Soya beans,1992,Annual value,,,,,,,6.53,E,Annual,1992-01-01
19,68,Bolivia (Plurinational State of),236,Soya beans,1992,Annual value,533,A,533,A,136.6,A,25.05,E,Annual,1992-01-01
21,76,Brazil,236,Soya beans,1992,Annual value,765508,A,0.3,A,142.5,A,0.03,E,Annual,1992-01-01
233,854,Burkina Faso,236,Soya beans,1992,Annual value,,,,,,,38.95,E,Annual,1992-01-01
29,108,Burundi,236,Soya beans,1992,Annual value,,,,,,,17.77,E,Annual,1992-01-01
115,116,Cambodia,236,Soya beans,1992,Annual value,440000,A,440000,A,347.4,A,10.99,E,Annual,1992-01-01
32,120,Cameroon,236,Soya beans,1992,Annual value,,,,,,,93.35,E,Annual,1992-01-01
33,124,Canada,236,Soya beans,1992,Annual value,233,A,233,A,192.8,A,52.45,E,Annual,1992-01-01
41,156,"China, mainland",236,Soya beans,1992,Annual value,1313,A,1313,A,238.1,A,27.66,E,Annual,1992-01-01
44,170,Colombia,236,Soya beans,1992,Annual value,222272.2,A,222272.2,A,292.7,A,18.87,E,Annual,1992-01-01
107,384,Côte d'Ivoire,236,Soya beans,1992,Annual value,,,,,,,6.19,E,Annual,1992-01-01
98,191,Croatia,236,Soya beans,1992,Annual value,,,,,,,17.52,E,Annual,1992-01-01
58,218,Ecuador,236,Soya beans,1992,Annual value,483140,A,19.3,A,315,A,3.28,E,Annual,1992-01-01
59,818,Egypt,236,Soya beans,1992,Annual value,811,A,811,A,244.1,A,18.64,E,Annual,1992-01-01
60,222,El Salvador,236,Soya beans,1992,Annual value,,,,,,,39.96,E,Annual,1992-01-01
62,230,Ethiopia PDR,236,Soya beans,1992,Annual value,900,A,900,A,318.1,A,,,Annual,1992-01-01
68,250,France,236,Soya beans,1992,Annual value,976,A,148.8,A,184.4,A,42.53,E,Annual,1992-01-01
79,276,Germany,236,Soya beans,1992,Annual value,,,,,,,43.17,E,Annual,1992-01-01
84,300,Greece,236,Soya beans,1992,Annual value,,,,,,,59.73,E,Annual,1992-01-01
95,340,Honduras,236,Soya beans,1992,Annual value,,,,,,,14.55,E,Annual,1992-01-01
97,348,Hungary,236,Soya beans,1992,Annual value,16387,A,16387,A,207.5,A,15.59,E,Annual,1992-01-01
100,356,India,236,Soya beans,1992,Annual value,,,,,,,36.36,E,Annual,1992-01-01
101,360,Indonesia,236,Soya beans,1992,Annual value,893839,A,893839,A,440.3,A,10.75,E,Annual,1992-01-01
102,364,Iran (Islamic Republic of),236,Soya beans,1992,Annual value,267000,A,267000,A,407.6,A,1.39,E,Annual,1992-01-01
106,380,Italy,236,Soya beans,1992,Annual value,280920,A,145.1,A,227.9,A,51.91,E,Annual,1992-01-01
110,392,Japan,236,Soya beans,1992,Annual value,240000,A,240000,A,1895,A,155.38,E,Annual,1992-01-01
120,418,Lao People's Democratic Republic,236,Soya beans,1992,Annual value,,,,,,,6.38,E,Annual,1992-01-01
119,428,Latvia,236,Soya beans,1992,Annual value,,,,,,,51.21,E,Annual,1992-01-01
129,450,Madagascar,236,Soya beans,1992,Annual value,,,,,,,86.12,E,Annual,1992-01-01
131,458,Malaysia,236,Soya beans,1992,Annual value,,,,,,,43.32,E,Annual,1992-01-01
133,466,Mali,236,Soya beans,1992,Annual value,,,,,,,93.45,E,Annual,1992-01-01
138,484,Mexico,236,Soya beans,1992,Annual value,1022,A,1022,A,330.2,A,17.01,E,Annual,1992-01-01
143,504,Morocco,236,Soya beans,1992,Annual value,3700,A,3700,A,433.4,A,113,E,Annual,1992-01-01
28,104,Myanmar,236,Soya beans,1992,Annual value,11383,A,11383,A,,,1.85,E,Annual,1992-01-01
149,524,Nepal,236,Soya beans,1992,Annual value,,,,,,,14.89,E,Annual,1992-01-01
157,558,Nicaragua,236,Soya beans,1992,Annual value,,,,,,,3.77,E,Annual,1992-01-01
159,566,Nigeria,236,Soya beans,1992,Annual value,5275,A,5275,A,304.9,A,5.14,E,Annual,1992-01-01
154,807,North Macedonia,236,Soya beans,1992,Annual value,,,,,,,18.56,E,Annual,1992-01-01
165,586,Pakistan,236,Soya beans,1992,Annual value,6250,A,6250,A,249.2,A,13.62,E,Annual,1992-01-01
166,591,Panama,236,Soya beans,1992,Annual value,,,,,,,50.1,E,Annual,1992-01-01
169,600,Paraguay,236,Soya beans,1992,Annual value,233000,A,233000,A,155.3,A,12.53,E,Annual,1992-01-01
170,604,Peru,236,Soya beans,1992,Annual value,410,A,410,A,329.1,A,17.25,E,Annual,1992-01-01
171,608,Philippines,236,Soya beans,1992,Annual value,9180,A,9180,A,359.8,A,39.03,E,Annual,1992-01-01
117,410,Republic of Korea,236,Soya beans,1992,Annual value,1160725,A,1160725,A,1486.9,A,30.34,E,Annual,1992-01-01
185,643,Russian Federation,236,Soya beans,1992,Annual value,,,,,,,0.09,E,Annual,1992-01-01
184,646,Rwanda,236,Soya beans,1992,Annual value,34530,A,34530,A,257.8,A,7.36,E,Annual,1992-01-01
198,705,Slovenia,236,Soya beans,1992,Annual value,,,,,,,56.45,E,Annual,1992-01-01
202,710,South Africa,236,Soya beans,1992,Annual value,863,A,863,A,302.6,A,15.71,E,Annual,1992-01-01
203,724,Spain,236,Soya beans,1992,Annual value,20665,A,124.2,A,201.8,A,26.07,E,Annual,1992-01-01
38,144,Sri Lanka,236,Soya beans,1992,Annual value,14780,A,14780,A,337.2,A,10.99,E,Annual,1992-01-01
207,740,Suriname,236,Soya beans,1992,Annual value,14550,A,14.6,A,1607.4,A,0.11,E,Annual,1992-01-01
211,756,Switzerland,236,Soya beans,1992,Annual value,,,,,,,216.53,E,Annual,1992-01-01
212,760,Syrian Arab Republic,236,Soya beans,1992,Annual value,,,,,,,57.12,E,Annual,1992-01-01
216,764,Thailand,236,Soya beans,1992,Annual value,7760,A,7760,A,305.5,A,50.15,E,Annual,1992-01-01
223,792,Türkiye,236,Soya beans,1992,Annual value,2339000,A,2.3,A,340.3,A,0.21,E,Annual,1992-01-01
215,834,United Republic of Tanzania,236,Soya beans,1992,Annual value,,,,,,,2.99,E,Annual,1992-01-01
231,840,United States of America,236,Soya beans,1992,Annual value,204,A,204,A,204,A,58.4,E,Annual,1992-01-01
234,858,Uruguay,236,Soya beans,1992,Annual value,605268,A,605.3,A,200.1,A,5.89,E,Annual,1992-01-01
237,704,Viet Nam,236,Soya beans,1992,Annual value,2850000,A,2850000,A,254.4,A,15.85,E,Annual,1992-01-01
181,716,Zimbabwe,236,Soya beans,1992,Annual value,950,A,2.6,A,,,0.47,E,Annual,1992-01-01
3,8,Albania,236,Soya beans,1993,Annual value,,,,,,,30.97,E,Annual,1993-01-01
9,32,Argentina,236,Soya beans,1993,Annual value,219,A,219,A,219.2,A,6.82,E,Annual,1993-01-01
10,36,Australia,236,Soya beans,1993,Annual value,371,A,371,A,252.3,A,65.89,E,Annual,1993-01-01
11,40,Austria,236,Soya beans,1993,Annual value,5300,A,385.2,A,455.6,A,115.67,E,Annual,1993-01-01
23,84,Belize,236,Soya beans,1993,Annual value,,,,,,,86.96,E,Annual,1993-01-01
18,64,Bhutan,236,Soya beans,1993,Annual value,,,,,,,8.42,E,Annual,1993-01-01
19,68,Bolivia (Plurinational State of),236,Soya beans,1993,Annual value,637,A,637,A,149.4,A,29.94,E,Annual,1993-01-01
21,76,Brazil,236,Soya beans,1993,Annual value,16558,A,6,A,157.2,A,0.55,E,Annual,1993-01-01
233,854,Burkina Faso,236,Soya beans,1993,Annual value,,,,,,,31.75,E,Annual,1993-01-01
29,108,Burundi,236,Soya beans,1993,Annual value,,,,,,,15.82,E,Annual,1993-01-01
115,116,Cambodia,236,Soya beans,1993,Annual value,920000,A,920000,A,342.1,A,22.98,E,Annual,1993-01-01
32,120,Cameroon,236,Soya beans,1993,Annual value,,,,,,,98.54,E,Annual,1993-01-01
33,124,Canada,236,Soya beans,1993,Annual value,276,A,276,A,213.9,A,62.13,E,Annual,1993-01-01
41,156,"China, mainland",236,Soya beans,1993,Annual value,1612,A,1612,A,279.8,A,33.96,E,Annual,1993-01-01
44,170,Colombia,236,Soya beans,1993,Annual value,240589.1,A,240589.1,A,278.8,A,20.43,E,Annual,1993-01-01
107,384,Côte d'Ivoire,236,Soya beans,1993,Annual value,,,,,,,7.04,E,Annual,1993-01-01
98,191,Croatia,236,Soya beans,1993,Annual value,,,,,,,243.54,E,Annual,1993-01-01
167,203,Czechia,236,Soya beans,1993,Annual value,,,,,,,54.01,E,Annual,1993-01-01
58,218,Ecuador,236,Soya beans,1993,Annual value,539000,A,21.6,A,280.9,A,3.65,E,Annual,1993-01-01
59,818,Egypt,236,Soya beans,1993,Annual value,800,A,800,A,238.6,A,18.39,E,Annual,1993-01-01
60,222,El Salvador,236,Soya beans,1993,Annual value,,,,,,,46.93,E,Annual,1993-01-01
238,231,Ethiopia,236,Soya beans,1993,Annual value,,,,,,,32.44,E,Annual,1993-01-01
68,250,France,236,Soya beans,1993,Annual value,1252,A,190.9,A,221.1,A,54.55,E,Annual,1993-01-01
79,276,Germany,236,Soya beans,1993,Annual value,,,,,,,50.17,E,Annual,1993-01-01
84,300,Greece,236,Soya beans,1993,Annual value,,,,,,,62.6,E,Annual,1993-01-01
95,340,Honduras,236,Soya beans,1993,Annual value,,,,,,,20.22,E,Annual,1993-01-01
97,348,Hungary,236,Soya beans,1993,Annual value,18494,A,18494,A,201.2,A,17.6,E,Annual,1993-01-01
100,356,India,236,Soya beans,1993,Annual value,,,,,,,29.25,E,Annual,1993-01-01
101,360,Indonesia,236,Soya beans,1993,Annual value,990780,A,990780,A,474.7,A,11.92,E,Annual,1993-01-01
102,364,Iran (Islamic Republic of),236,Soya beans,1993,Annual value,387900,A,387900,A,435.8,A,2.02,E,Annual,1993-01-01
106,380,Italy,236,Soya beans,1993,Annual value,352000,A,181.8,A,223.7,A,65.05,E,Annual,1993-01-01
110,392,Japan,236,Soya beans,1993,Annual value,253167,A,253167,A,2276.7,A,163.9,E,Annual,1993-01-01
120,418,Lao People's Democratic Republic,236,Soya beans,1993,Annual value,,,,,,,6.74,E,Annual,1993-01-01
119,428,Latvia,236,Soya beans,1993,Annual value,,,,,,,62.47,E,Annual,1993-01-01
129,450,Madagascar,236,Soya beans,1993,Annual value,,,,,,,96.04,E,Annual,1993-01-01
131,458,Malaysia,236,Soya beans,1993,Annual value,,,,,,,43.89,E,Annual,1993-01-01
133,466,Mali,236,Soya beans,1993,Annual value,,,,,,,89.9,E,Annual,1993-01-01
138,484,Mexico,236,Soya beans,1993,Annual value,995,A,995,A,319.4,A,16.56,E,Annual,1993-01-01
143,504,Morocco,236,Soya beans,1993,Annual value,3700,A,3700,A,397.9,A,113,E,Annual,1993-01-01
28,104,Myanmar,236,Soya beans,1993,Annual value,14937,A,14937,A,,,2.43,E,Annual,1993-01-01
149,524,Nepal,236,Soya beans,1993,Annual value,,,,,,,17,E,Annual,1993-01-01
157,558,Nicaragua,236,Soya beans,1993,Annual value,,,,,,,5.43,E,Annual,1993-01-01
159,566,Nigeria,236,Soya beans,1993,Annual value,13740,A,13740,A,622.7,A,13.4,E,Annual,1993-01-01
154,807,North Macedonia,236,Soya beans,1993,Annual value,,,,,,,46.8,E,Annual,1993-01-01
165,586,Pakistan,236,Soya beans,1993,Annual value,6875,A,6875,A,244.6,A,14.99,E,Annual,1993-01-01
166,591,Panama,236,Soya beans,1993,Annual value,,,,,,,51.84,E,Annual,1993-01-01
169,600,Paraguay,236,Soya beans,1993,Annual value,311000,A,311000,A,178.3,A,16.72,E,Annual,1993-01-01
170,604,Peru,236,Soya beans,1993,Annual value,680,A,680,A,342,A,28.6,E,Annual,1993-01-01
171,608,Philippines,236,Soya beans,1993,Annual value,9920,A,9920,A,365.8,A,42.17,E,Annual,1993-01-01
117,410,Republic of Korea,236,Soya beans,1993,Annual value,1344000,A,1344000,A,1674.4,A,35.13,E,Annual,1993-01-01
183,642,Romania,236,Soya beans,1993,Annual value,269320,A,26.9,A,354.3,A,1.95,E,Annual,1993-01-01
185,643,Russian Federation,236,Soya beans,1993,Annual value,,,,,,,0.36,E,Annual,1993-01-01
184,646,Rwanda,236,Soya beans,1993,Annual value,,,,,,,7.08,E,Annual,1993-01-01
199,703,Slovakia,236,Soya beans,1993,Annual value,7920,A,262.9,A,257.4,A,79.31,E,Annual,1993-01-01
198,705,Slovenia,236,Soya beans,1993,Annual value,38930,A,162.5,A,343.8,A,52.41,E,Annual,1993-01-01
202,710,South Africa,236,Soya beans,1993,Annual value,855,A,855,A,261.6,A,15.57,E,Annual,1993-01-01
203,724,Spain,236,Soya beans,1993,Annual value,26505,A,159.3,A,208.3,A,33.44,E,Annual,1993-01-01
38,144,Sri Lanka,236,Soya beans,1993,Annual value,15680,A,15680,A,324.5,A,11.66,E,Annual,1993-01-01
207,740,Suriname,236,Soya beans,1993,Annual value,21500,A,21.5,A,944.3,A,0.16,E,Annual,1993-01-01
211,756,Switzerland,236,Soya beans,1993,Annual value,,,,,,,195.32,E,Annual,1993-01-01
212,760,Syrian Arab Republic,236,Soya beans,1993,Annual value,,,,,,,57.12,E,Annual,1993-01-01
208,762,Tajikistan,236,Soya beans,1993,Annual value,,,,,,,0.79,E,Annual,1993-01-01
216,764,Thailand,236,Soya beans,1993,Annual value,7940,A,7940,A,313.6,A,51.31,E,Annual,1993-01-01
223,792,Türkiye,236,Soya beans,1993,Annual value,9646000,A,9.6,A,878.1,A,0.86,E,Annual,1993-01-01
215,834,United Republic of Tanzania,236,Soya beans,1993,Annual value,,,,,,,3.67,E,Annual,1993-01-01
231,840,United States of America,236,Soya beans,1993,Annual value,235,A,235,A,235,A,67.27,E,Annual,1993-01-01
234,858,Uruguay,236,Soya beans,1993,Annual value,818,A,818,A,207.6,A,7.96,E,Annual,1993-01-01
237,704,Viet Nam,236,Soya beans,1993,Annual value,3014000,A,3014000,A,283.2,A,16.76,E,Annual,1993-01-01
181,716,Zimbabwe,236,Soya beans,1993,Annual value,1500,A,4.1,A,,,0.74,E,Annual,1993-01-01
3,8,Albania,236,Soya beans,1994,Annual value,,,,,,,46.71,E,Annual,1994-01-01
9,32,Argentina,236,Soya beans,1994,Annual value,226,A,226,A,226.2,A,7.04,E,Annual,1994-01-01
10,36,Australia,236,Soya beans,1994,Annual value,441,A,441,A,322.4,A,78.33,E,Annual,1994-01-01
11,40,Austria,236,Soya beans,1994,Annual value,5100,A,370.6,A,446.5,A,111.3,E,Annual,1994-01-01
52,31,Azerbaijan,236,Soya beans,1994,Annual value,,,,,,,6.67,E,Annual,1994-01-01
23,84,Belize,236,Soya beans,1994,Annual value,,,,,,,90.18,E,Annual,1994-01-01
18,64,Bhutan,236,Soya beans,1994,Annual value,,,,,,,8.4,E,Annual,1994-01-01
19,68,Bolivia (Plurinational State of),236,Soya beans,1994,Annual value,697,A,697,A,150.8,A,32.76,E,Annual,1994-01-01
21,76,Brazil,236,Soya beans,1994,Annual value,122,A,122,A,183.5,A,11.22,E,Annual,1994-01-01
233,854,Burkina Faso,236,Soya beans,1994,Annual value,,,,,,,42.43,E,Annual,1994-01-01
29,108,Burundi,236,Soya beans,1994,Annual value,,,,,,,14.92,E,Annual,1994-01-01
115,116,Cambodia,236,Soya beans,1994,Annual value,950000,A,950000,A,373.2,A,23.73,E,Annual,1994-01-01
32,120,Cameroon,236,Soya beans,1994,Annual value,,,,,,,60.38,E,Annual,1994-01-01
33,124,Canada,236,Soya beans,1994,Annual value,287,A,287,A,210.2,A,64.6,E,Annual,1994-01-01
41,156,"China, mainland",236,Soya beans,1994,Annual value,1824,A,1824,A,211.6,A,38.43,E,Annual,1994-01-01
44,170,Colombia,236,Soya beans,1994,Annual value,284529,A,284529,A,336.8,A,24.16,E,Annual,1994-01-01
107,384,Côte d'Ivoire,236,Soya beans,1994,Annual value,,,,,,,19.08,E,Annual,1994-01-01
98,191,Croatia,236,Soya beans,1994,Annual value,1900,A,252.2,A,316.8,A,80.56,E,Annual,1994-01-01
167,203,Czechia,236,Soya beans,1994,Annual value,,,,,,,55.79,E,Annual,1994-01-01
58,218,Ecuador,236,Soya beans,1994,Annual value,581730,A,23.3,A,264.8,A,3.94,E,Annual,1994-01-01
59,818,Egypt,236,Soya beans,1994,Annual value,875,A,875,A,258.5,A,20.11,E,Annual,1994-01-01
60,222,El Salvador,236,Soya beans,1994,Annual value,,,,,,,56.21,E,Annual,1994-01-01
238,231,Ethiopia,236,Soya beans,1994,Annual value,2130,A,2130,A,389.8,A,25.77,E,Annual,1994-01-01
68,250,France,236,Soya beans,1994,Annual value,987,A,150.5,A,177.8,A,43,E,Annual,1994-01-01
73,268,Georgia,236,Soya beans,1994,Annual value,,,,,,,64.97,E,Annual,1994-01-01
79,276,Germany,236,Soya beans,1994,Annual value,,,,,,,56.57,E,Annual,1994-01-01
84,300,Greece,236,Soya beans,1994,Annual value,,,,,,,66.24,E,Annual,1994-01-01
95,340,Honduras,236,Soya beans,1994,Annual value,,,,,,,21.57,E,Annual,1994-01-01
97,348,Hungary,236,Soya beans,1994,Annual value,32670,A,32670,A,310.7,A,31.09,E,Annual,1994-01-01
100,356,India,236,Soya beans,1994,Annual value,,,,,,,34.14,E,Annual,1994-01-01
101,360,Indonesia,236,Soya beans,1994,Annual value,1109290,A,1109290,A,513.4,A,13.34,E,Annual,1994-01-01
102,364,Iran (Islamic Republic of),236,Soya beans,1994,Annual value,466800,A,466800,A,382.1,A,2.43,E,Annual,1994-01-01
106,380,Italy,236,Soya beans,1994,Annual value,370000,A,191.1,A,229.5,A,68.38,E,Annual,1994-01-01
110,392,Japan,236,Soya beans,1994,Annual value,239333,A,239333,A,2341.6,A,154.95,E,Annual,1994-01-01
108,398,Kazakhstan,236,Soya beans,1994,Annual value,,,,,,,5.72,E,Annual,1994-01-01
120,418,Lao People's Democratic Republic,236,Soya beans,1994,Annual value,,,,,,,7.1,E,Annual,1994-01-01
119,428,Latvia,236,Soya beans,1994,Annual value,,,,,,,59.91,E,Annual,1994-01-01
129,450,Madagascar,236,Soya beans,1994,Annual value,,,,,,,98.57,E,Annual,1994-01-01
131,458,Malaysia,236,Soya beans,1994,Annual value,,,,,,,44.6,E,Annual,1994-01-01
133,466,Mali,236,Soya beans,1994,Annual value,,,,,,,56.43,E,Annual,1994-01-01
138,484,Mexico,236,Soya beans,1994,Annual value,857,A,857,A,253.9,A,14.26,E,Annual,1994-01-01
143,504,Morocco,236,Soya beans,1994,Annual value,3200,A,3200,A,347.7,A,97.73,E,Annual,1994-01-01
28,104,Myanmar,236,Soya beans,1994,Annual value,29157,A,29157,A,,,4.74,E,Annual,1994-01-01
149,524,Nepal,236,Soya beans,1994,Annual value,,,,,,,18.37,E,Annual,1994-01-01
157,558,Nicaragua,236,Soya beans,1994,Annual value,,,,,,,6.36,E,Annual,1994-01-01
159,566,Nigeria,236,Soya beans,1994,Annual value,12756,A,12756,A,357,A,12.44,E,Annual,1994-01-01
154,807,North Macedonia,236,Soya beans,1994,Annual value,,,,,,,47.08,E,Annual,1994-01-01
165,586,Pakistan,236,Soya beans,1994,Annual value,6875,A,6875,A,224.9,A,14.99,E,Annual,1994-01-01
166,591,Panama,236,Soya beans,1994,Annual value,,,,,,,53.59,E,Annual,1994-01-01
169,600,Paraguay,236,Soya beans,1994,Annual value,351000,A,351000,A,184.3,A,18.87,E,Annual,1994-01-01
170,604,Peru,236,Soya beans,1994,Annual value,970,A,970,A,441.9,A,40.8,E,Annual,1994-01-01
171,608,Philippines,236,Soya beans,1994,Annual value,10750,A,10750,A,406.9,A,45.7,E,Annual,1994-01-01
117,410,Republic of Korea,236,Soya beans,1994,Annual value,1445300,A,1445300,A,1798.9,A,37.78,E,Annual,1994-01-01
146,498,Republic of Moldova,236,Soya beans,1994,Annual value,,,,,,,4.74,E,Annual,1994-01-01
183,642,Romania,236,Soya beans,1994,Annual value,424860,A,42.5,A,256.7,A,3.07,E,Annual,1994-01-01
185,643,Russian Federation,236,Soya beans,1994,Annual value,,,,,,,1.32,E,Annual,1994-01-01
184,646,Rwanda,236,Soya beans,1994,Annual value,,,,,,,5.47,E,Annual,1994-01-01
186,891,Serbia and Montenegro,236,Soya beans,1994,Annual value,460,A,460,A,254.1,A,,,Annual,1994-01-01
199,703,Slovakia,236,Soya beans,1994,Annual value,10110,A,335.6,A,315.5,A,101.24,E,Annual,1994-01-01
198,705,Slovenia,236,Soya beans,1994,Annual value,41000,A,171.1,A,318.3,A,55.2,E,Annual,1994-01-01
202,710,South Africa,236,Soya beans,1994,Annual value,859,A,859,A,241.9,A,15.64,E,Annual,1994-01-01
203,724,Spain,236,Soya beans,1994,Annual value,32628,A,196.1,A,243.6,A,41.17,E,Annual,1994-01-01
38,144,Sri Lanka,236,Soya beans,1994,Annual value,16050,A,16050,A,324.8,A,11.94,E,Annual,1994-01-01
207,740,Suriname,236,Soya beans,1994,Annual value,72000,A,72,A,600,A,0.53,E,Annual,1994-01-01
211,756,Switzerland,236,Soya beans,1994,Annual value,,,,,,,174.22,E,Annual,1994-01-01
212,760,Syrian Arab Republic,236,Soya beans,1994,Annual value,,,,,,,57.12,E,Annual,1994-01-01
208,762,Tajikistan,236,Soya beans,1994,Annual value,,,,,,,1.46,E,Annual,1994-01-01
216,764,Thailand,236,Soya beans,1994,Annual value,7960,A,7960,A,316.5,A,51.44,E,Annual,1994-01-01
223,792,Türkiye,236,Soya beans,1994,Annual value,9538000,A,9.5,A,322.1,A,0.85,E,Annual,1994-01-01
230,804,Ukraine,236,Soya beans,1994,Annual value,,,,,,,0.61,E,Annual,1994-01-01
215,834,United Republic of Tanzania,236,Soya beans,1994,Annual value,,,,,,,4.52,E,Annual,1994-01-01
231,840,United States of America,236,Soya beans,1994,Annual value,201,A,201,A,201,A,57.54,E,Annual,1994-01-01
234,858,Uruguay,236,Soya beans,1994,Annual value,1096,A,1096,A,217.3,A,10.66,E,Annual,1994-01-01
237,704,Viet Nam,236,Soya beans,1994,Annual value,3145000,A,3145000,A,286.8,A,17.49,E,Annual,1994-01-01
181,716,Zimbabwe,236,Soya beans,1994,Annual value,1600,X,4.4,X,,,0.79,E,Annual,1994-01-01
3,8,Albania,236,Soya beans,1995,Annual value,,,,,,,58.07,E,Annual,1995-01-01
9,32,Argentina,236,Soya beans,1995,Annual value,217,A,217,A,217.1,A,6.76,E,Annual,1995-01-01
10,36,Australia,236,Soya beans,1995,Annual value,398,A,398,A,295,A,70.69,E,Annual,1995-01-01
11,40,Austria,236,Soya beans,1995,Annual value,2233,A,162.3,A,221.5,A,48.73,E,Annual,1995-01-01
52,31,Azerbaijan,236,Soya beans,1995,Annual value,,,,,,,29.54,E,Annual,1995-01-01
23,84,Belize,236,Soya beans,1995,Annual value,,,,,,,95.36,E,Annual,1995-01-01
18,64,Bhutan,236,Soya beans,1995,Annual value,,,,,,,10.46,E,Annual,1995-01-01
19,68,Bolivia (Plurinational State of),236,Soya beans,1995,Annual value,709,A,709,A,147.7,A,33.32,E,Annual,1995-01-01
21,76,Brazil,236,Soya beans,1995,Annual value,162,A,162,A,176.5,A,14.89,E,Annual,1995-01-01
233,854,Burkina Faso,236,Soya beans,1995,Annual value,,,,,,,42.43,E,Annual,1995-01-01
29,108,Burundi,236,Soya beans,1995,Annual value,,,,,,,17.85,E,Annual,1995-01-01
115,116,Cambodia,236,Soya beans,1995,Annual value,900000,A,900000,A,367.2,A,22.48,E,Annual,1995-01-01
32,120,Cameroon,236,Soya beans,1995,Annual value,,,,,,,71.98,E,Annual,1995-01-01
33,124,Canada,236,Soya beans,1995,Annual value,289,A,289,A,210.6,A,65.05,E,Annual,1995-01-01
41,156,"China, mainland",236,Soya beans,1995,Annual value,2063,X,2063,X,247,X,43.46,E,Annual,1995-01-01
44,170,Colombia,236,Soya beans,1995,Annual value,289332,A,289332,A,317,A,24.56,E,Annual,1995-01-01
107,384,Côte d'Ivoire,236,Soya beans,1995,Annual value,,,,,,,28.55,E,Annual,1995-01-01
98,191,Croatia,236,Soya beans,1995,Annual value,1700,A,225.6,A,325,A,72.08,E,Annual,1995-01-01
167,203,Czechia,236,Soya beans,1995,Annual value,,,,,,,56.24,E,Annual,1995-01-01
58,218,Ecuador,236,Soya beans,1995,Annual value,720190,A,28.8,A,280.8,A,4.88,E,Annual,1995-01-01
59,818,Egypt,236,Soya beans,1995,Annual value,1050,A,1050,A,309.5,A,24.13,E,Annual,1995-01-01
60,222,El Salvador,236,Soya beans,1995,Annual value,,,,,,,60.29,E,Annual,1995-01-01
238,231,Ethiopia,236,Soya beans,1995,Annual value,1900,A,1900,A,308.5,A,22.98,E,Annual,1995-01-01
68,250,France,236,Soya beans,1995,Annual value,1132,A,172.6,A,226.8,A,49.32,E,Annual,1995-01-01
73,268,Georgia,236,Soya beans,1995,Annual value,,,,,,,83.44,E,Annual,1995-01-01
79,276,Germany,236,Soya beans,1995,Annual value,,,,,,,55.67,E,Annual,1995-01-01
84,300,Greece,236,Soya beans,1995,Annual value,,,,,,,51.48,E,Annual,1995-01-01
95,340,Honduras,236,Soya beans,1995,Annual value,,,,,,,37.41,E,Annual,1995-01-01
97,348,Hungary,236,Soya beans,1995,Annual value,29871,A,29871,A,237.7,A,28.43,E,Annual,1995-01-01
100,356,India,236,Soya beans,1995,Annual value,,,,,,,38.37,E,Annual,1995-01-01
101,360,Indonesia,236,Soya beans,1995,Annual value,1131725,A,1131725,A,503.3,A,13.61,E,Annual,1995-01-01
102,364,Iran (Islamic Republic of),236,Soya beans,1995,Annual value,561200,A,561200,A,325.2,A,2.92,E,Annual,1995-01-01
106,380,Italy,236,Soya beans,1995,Annual value,380864,A,196.7,A,233.8,A,70.38,E,Annual,1995-01-01
110,392,Japan,236,Soya beans,1995,Annual value,239000.5,A,239000.5,A,2540.9,A,154.73,E,Annual,1995-01-01
108,398,Kazakhstan,236,Soya beans,1995,Annual value,,,,,,,15.15,E,Annual,1995-01-01
120,418,Lao People's Democratic Republic,236,Soya beans,1995,Annual value,,,,,,,7.58,E,Annual,1995-01-01
119,428,Latvia,236,Soya beans,1995,Annual value,,,,,,,59.91,E,Annual,1995-01-01
129,450,Madagascar,236,Soya beans,1995,Annual value,,,,,,,85.54,E,Annual,1995-01-01
131,458,Malaysia,236,Soya beans,1995,Annual value,,,,,,,44.99,E,Annual,1995-01-01
133,466,Mali,236,Soya beans,1995,Annual value,,,,,,,77.71,E,Annual,1995-01-01
138,484,Mexico,236,Soya beans,1995,Annual value,1474,A,1474,A,229.6,A,24.53,E,Annual,1995-01-01
143,504,Morocco,236,Soya beans,1995,Annual value,3200,A,3200,A,374.7,A,97.73,E,Annual,1995-01-01
28,104,Myanmar,236,Soya beans,1995,Annual value,29161,A,29161,A,,,4.74,E,Annual,1995-01-01
149,524,Nepal,236,Soya beans,1995,Annual value,,,,,,,19.68,E,Annual,1995-01-01
157,558,Nicaragua,236,Soya beans,1995,Annual value,1816,A,1816,A,240.7,A,7.15,E,Annual,1995-01-01
159,566,Nigeria,236,Soya beans,1995,Annual value,18827,A,18827,A,306.7,A,18.36,E,Annual,1995-01-01
154,807,North Macedonia,236,Soya beans,1995,Annual value,,,,,,,70.25,E,Annual,1995-01-01
165,586,Pakistan,236,Soya beans,1995,Annual value,6900,X,6900,X,218.1,X,15.04,E,Annual,1995-01-01
166,591,Panama,236,Soya beans,1995,Annual value,,,,,,,55.15,E,Annual,1995-01-01
169,600,Paraguay,236,Soya beans,1995,Annual value,300000,A,300000,A,152.8,A,16.13,E,Annual,1995-01-01
170,604,Peru,236,Soya beans,1995,Annual value,950,A,950,A,421.6,A,39.96,E,Annual,1995-01-01
171,608,Philippines,236,Soya beans,1995,Annual value,10480,A,10480,A,407.6,A,44.55,E,Annual,1995-01-01
117,410,Republic of Korea,236,Soya beans,1995,Annual value,1672125,A,1672125,A,2168,A,43.71,E,Annual,1995-01-01
146,498,Republic of Moldova,236,Soya beans,1995,Annual value,,,,,,,6.52,E,Annual,1995-01-01
183,642,Romania,236,Soya beans,1995,Annual value,530390,A,53,A,260.9,A,3.83,E,Annual,1995-01-01
185,643,Russian Federation,236,Soya beans,1995,Annual value,,,,,,,4.2,E,Annual,1995-01-01
184,646,Rwanda,236,Soya beans,1995,Annual value,100000,A,100000,A,381.4,A,21.31,E,Annual,1995-01-01
186,891,Serbia and Montenegro,236,Soya beans,1995,Annual value,790,A,790,A,246.5,A,,,Annual,1995-01-01
199,703,Slovakia,236,Soya beans,1995,Annual value,9450,A,313.7,A,318,A,94.63,E,Annual,1995-01-01
198,705,Slovenia,236,Soya beans,1995,Annual value,31650,A,132.1,A,267,A,42.61,E,Annual,1995-01-01
202,710,South Africa,236,Soya beans,1995,Annual value,930,A,930,A,256.4,A,16.93,E,Annual,1995-01-01
203,724,Spain,236,Soya beans,1995,Annual value,32745,A,196.8,A,262.6,A,41.32,E,Annual,1995-01-01
38,144,Sri Lanka,236,Soya beans,1995,Annual value,18830,A,18830,A,367.4,A,14,E,Annual,1995-01-01
207,740,Suriname,236,Soya beans,1995,Annual value,422000,A,422,A,953.1,A,3.1,E,Annual,1995-01-01
211,756,Switzerland,236,Soya beans,1995,Annual value,,,,,,,159.81,E,Annual,1995-01-01
212,760,Syrian Arab Republic,236,Soya beans,1995,Annual value,,,,,,,57.12,E,Annual,1995-01-01
208,762,Tajikistan,236,Soya beans,1995,Annual value,,,,,,,3.7,E,Annual,1995-01-01
216,764,Thailand,236,Soya beans,1995,Annual value,8080,A,8080,A,324.3,A,52.22,E,Annual,1995-01-01
223,792,Türkiye,236,Soya beans,1995,Annual value,13360000,A,13.4,A,291.4,A,1.19,E,Annual,1995-01-01
230,804,Ukraine,236,Soya beans,1995,Annual value,,,,,,,3.12,E,Annual,1995-01-01
215,834,United Republic of Tanzania,236,Soya beans,1995,Annual value,,,,,,,5.54,E,Annual,1995-01-01
231,840,United States of America,236,Soya beans,1995,Annual value,247,A,247,A,247,A,70.71,E,Annual,1995-01-01
234,858,Uruguay,236,Soya beans,1995,Annual value,1470,X,1470,X,231.5,X,14.3,E,Annual,1995-01-01
237,704,Viet Nam,236,Soya beans,1995,Annual value,4040000,A,4040000,A,366,A,22.47,E,Annual,1995-01-01
181,716,Zimbabwe,236,Soya beans,1995,Annual value,2500,A,6.9,A,,,1.24,E,Annual,1995-01-01
3,8,Albania,236,Soya beans,1996,Annual value,50000,A,50000,A,478.5,A,56.38,E,Annual,1996-01-01
9,32,Argentina,236,Soya beans,1996,Annual value,272,A,272,A,272.1,A,8.47,E,Annual,1996-01-01
10,36,Australia,236,Soya beans,1996,Annual value,400,A,400,A,313,A,71.04,E,Annual,1996-01-01
11,40,Austria,236,Soya beans,1996,Annual value,2566,A,186.5,A,242.4,A,56,E,Annual,1996-01-01
52,31,Azerbaijan,236,Soya beans,1996,Annual value,,,,,,,84.71,E,Annual,1996-01-01
23,84,Belize,236,Soya beans,1996,Annual value,,,,,,,97.46,E,Annual,1996-01-01
18,64,Bhutan,236,Soya beans,1996,Annual value,7800,A,7800,A,220.1,A,10.59,E,Annual,1996-01-01
19,68,Bolivia (Plurinational State of),236,Soya beans,1996,Annual value,796,A,796,A,156.9,A,37.41,E,Annual,1996-01-01
80,70,Bosnia and Herzegovina,236,Soya beans,1996,Annual value,,,,,,,33.24,E,Annual,1996-01-01
21,76,Brazil,236,Soya beans,1996,Annual value,233,A,233,A,231.8,A,21.42,E,Annual,1996-01-01
233,854,Burkina Faso,236,Soya beans,1996,Annual value,,,,,,,59.48,E,Annual,1996-01-01
29,108,Burundi,236,Soya beans,1996,Annual value,,,,,,,19.41,E,Annual,1996-01-01
115,116,Cambodia,236,Soya beans,1996,Annual value,1000000,A,1000000,A,381.1,A,24.98,E,Annual,1996-01-01
32,120,Cameroon,236,Soya beans,1996,Annual value,,,,,,,73.07,E,Annual,1996-01-01
33,124,Canada,236,Soya beans,1996,Annual value,347,A,347,A,254.5,A,78.11,E,Annual,1996-01-01
41,156,"China, mainland",236,Soya beans,1996,Annual value,3980,A,3980,A,478.7,A,83.85,E,Annual,1996-01-01
44,170,Colombia,236,Soya beans,1996,Annual value,375162,A,375162,A,361.9,A,31.85,E,Annual,1996-01-01
107,384,Côte d'Ivoire,236,Soya beans,1996,Annual value,,,,,,,25.68,E,Annual,1996-01-01
98,191,Croatia,236,Soya beans,1996,Annual value,1814,A,240.8,A,333.8,A,76.92,E,Annual,1996-01-01
167,203,Czechia,236,Soya beans,1996,Annual value,,,,,,,60.97,E,Annual,1996-01-01
58,218,Ecuador,236,Soya beans,1996,Annual value,938100,A,37.5,A,294.1,A,6.36,E,Annual,1996-01-01
59,818,Egypt,236,Soya beans,1996,Annual value,1050,A,1050,A,309.6,A,24.13,E,Annual,1996-01-01
60,222,El Salvador,236,Soya beans,1996,Annual value,,,,,,,62.73,E,Annual,1996-01-01
238,231,Ethiopia,236,Soya beans,1996,Annual value,2250,A,2250,A,354.2,A,27.22,E,Annual,1996-01-01
68,250,France,236,Soya beans,1996,Annual value,1285.8,A,196,A,251.4,A,56.02,E,Annual,1996-01-01
73,268,Georgia,236,Soya beans,1996,Annual value,,,,,,,70.11,E,Annual,1996-01-01
79,276,Germany,236,Soya beans,1996,Annual value,,,,,,,58.95,E,Annual,1996-01-01
84,300,Greece,236,Soya beans,1996,Annual value,,,,,,,55.77,E,Annual,1996-01-01
95,340,Honduras,236,Soya beans,1996,Annual value,,,,,,,46.36,E,Annual,1996-01-01
97,348,Hungary,236,Soya beans,1996,Annual value,55790,A,55790,A,365.5,A,53.09,E,Annual,1996-01-01
100,356,India,236,Soya beans,1996,Annual value,,,,,,,38.4,E,Annual,1996-01-01
101,360,Indonesia,236,Soya beans,1996,Annual value,1231884,A,1231884,A,525.9,A,14.82,E,Annual,1996-01-01
102,364,Iran (Islamic Republic of),236,Soya beans,1996,Annual value,1020700,A,1020700,A,465.2,A,5.31,E,Annual,1996-01-01
106,380,Italy,236,Soya beans,1996,Annual value,459477,A,237.3,A,297.8,A,84.91,E,Annual,1996-01-01
110,392,Japan,236,Soya beans,1996,Annual value,238000.5,A,238000.5,A,2187.9,A,154.08,E,Annual,1996-01-01
108,398,Kazakhstan,236,Soya beans,1996,Annual value,,,,,,,18.03,E,Annual,1996-01-01
120,418,Lao People's Democratic Republic,236,Soya beans,1996,Annual value,806491,A,806491,A,875.6,A,9.7,E,Annual,1996-01-01
119,428,Latvia,236,Soya beans,1996,Annual value,,,,,,,65.54,E,Annual,1996-01-01
129,450,Madagascar,236,Soya beans,1996,Annual value,,,,,,,102.54,E,Annual,1996-01-01
130,454,Malawi,236,Soya beans,1996,Annual value,14620,A,14620,A,709.6,A,4.3,E,Annual,1996-01-01
131,458,Malaysia,236,Soya beans,1996,Annual value,,,,,,,45.5,E,Annual,1996-01-01
133,466,Mali,236,Soya beans,1996,Annual value,,,,,,,78.15,E,Annual,1996-01-01
138,484,Mexico,236,Soya beans,1996,Annual value,2126.9,A,2126.9,A,279.9,A,35.4,E,Annual,1996-01-01
143,504,Morocco,236,Soya beans,1996,Annual value,3200,A,3200,A,367.1,A,97.73,E,Annual,1996-01-01
28,104,Myanmar,236,Soya beans,1996,Annual value,39030,A,39030,A,,,6.34,E,Annual,1996-01-01
149,524,Nepal,236,Soya beans,1996,Annual value,,,,,,,20.93,E,Annual,1996-01-01
157,558,Nicaragua,236,Soya beans,1996,Annual value,2054,A,2054,A,243.5,A,8.08,E,Annual,1996-01-01
159,566,Nigeria,236,Soya beans,1996,Annual value,30778,A,30778,A,403.6,A,30.02,E,Annual,1996-01-01
154,807,North Macedonia,236,Soya beans,1996,Annual value,,,,,,,70.37,E,Annual,1996-01-01
165,586,Pakistan,236,Soya beans,1996,Annual value,,,,,,,19.13,E,Annual,1996-01-01
166,591,Panama,236,Soya beans,1996,Annual value,,,,,,,51.07,E,Annual,1996-01-01
169,600,Paraguay,236,Soya beans,1996,Annual value,427000,A,427000,A,207.6,A,22.96,E,Annual,1996-01-01
170,604,Peru,236,Soya beans,1996,Annual value,960,A,960,A,391.3,A,40.38,E,Annual,1996-01-01
171,608,Philippines,236,Soya beans,1996,Annual value,11590,A,11590,A,442.1,A,49.27,E,Annual,1996-01-01
117,410,Republic of Korea,236,Soya beans,1996,Annual value,1768425,A,1768425,A,2198.3,A,46.22,E,Annual,1996-01-01
146,498,Republic of Moldova,236,Soya beans,1996,Annual value,,,,,,,6.2,E,Annual,1996-01-01
183,642,Romania,236,Soya beans,1996,Annual value,751270,A,75.1,A,243.6,A,5.43,E,Annual,1996-01-01
185,643,Russian Federation,236,Soya beans,1996,Annual value,,,,,,,4,E,Annual,1996-01-01
184,646,Rwanda,236,Soya beans,1996,Annual value,400000,A,400000,A,1303.7,A,85.23,E,Annual,1996-01-01
186,891,Serbia and Montenegro,236,Soya beans,1996,Annual value,1840,A,1840,A,371.5,A,,,Annual,1996-01-01
199,703,Slovakia,236,Soya beans,1996,Annual value,9570,A,317.7,A,312.2,A,95.83,E,Annual,1996-01-01
198,705,Slovenia,236,Soya beans,1996,Annual value,,,,,,,50.52,E,Annual,1996-01-01
202,710,South Africa,236,Soya beans,1996,Annual value,1200,A,1200,A,279.1,A,21.85,E,Annual,1996-01-01
203,724,Spain,236,Soya beans,1996,Annual value,30332,A,182.3,A,239.5,A,38.27,E,Annual,1996-01-01
38,144,Sri Lanka,236,Soya beans,1996,Annual value,21710,A,21710,A,392.8,A,16.14,E,Annual,1996-01-01
207,740,Suriname,236,Soya beans,1996,Annual value,535000,A,535,A,1334.1,A,3.92,E,Annual,1996-01-01
211,756,Switzerland,236,Soya beans,1996,Annual value,,,,,,,158.9,E,Annual,1996-01-01
212,760,Syrian Arab Republic,236,Soya beans,1996,Annual value,,,,,,,74.08,E,Annual,1996-01-01
208,762,Tajikistan,236,Soya beans,1996,Annual value,,,,,,,11.33,E,Annual,1996-01-01
216,764,Thailand,236,Soya beans,1996,Annual value,8860,A,8860,A,349.6,A,57.26,E,Annual,1996-01-01
223,792,Türkiye,236,Soya beans,1996,Annual value,26764000,A,26.8,A,328.8,A,2.38,E,Annual,1996-01-01
230,804,Ukraine,236,Soya beans,1996,Annual value,,,,,,,4.31,E,Annual,1996-01-01
215,834,United Republic of Tanzania,236,Soya beans,1996,Annual value,,,,,,,5.59,E,Annual,1996-01-01
231,840,United States of America,236,Soya beans,1996,Annual value,247,A,247,A,247,A,70.71,E,Annual,1996-01-01
234,858,Uruguay,236,Soya beans,1996,Annual value,,,,,,,17.44,E,Annual,1996-01-01
237,704,Viet Nam,236,Soya beans,1996,Annual value,4315000,A,4315000,A,391.1,A,24,E,Annual,1996-01-01
181,716,Zimbabwe,236,Soya beans,1996,Annual value,2000,A,5.5,A,,,0.99,E,Annual,1996-01-01
3,8,Albania,236,Soya beans,1997,Annual value,50000,A,50000,A,335.7,A,56.38,E,Annual,1997-01-01
9,32,Argentina,236,Soya beans,1997,Annual value,291,A,291,A,291.1,A,9.06,E,Annual,1997-01-01
10,36,Australia,236,Soya beans,1997,Annual value,421,A,421,A,312.5,A,74.77,E,Annual,1997-01-01
11,40,Austria,236,Soya beans,1997,Annual value,2846,A,206.8,A,233.2,A,62.11,E,Annual,1997-01-01
52,31,Azerbaijan,236,Soya beans,1997,Annual value,,,,,,,92.53,E,Annual,1997-01-01
23,84,Belize,236,Soya beans,1997,Annual value,,,,,,,95.98,E,Annual,1997-01-01
18,64,Bhutan,236,Soya beans,1997,Annual value,9900,A,9900,A,272.6,A,13.44,E,Annual,1997-01-01
19,68,Bolivia (Plurinational State of),236,Soya beans,1997,Annual value,1072,A,1072,A,204,A,50.39,E,Annual,1997-01-01
80,70,Bosnia and Herzegovina,236,Soya beans,1997,Annual value,,,,,,,46.81,E,Annual,1997-01-01
21,76,Brazil,236,Soya beans,1997,Annual value,268,A,268,A,248.6,A,24.64,E,Annual,1997-01-01
233,854,Burkina Faso,236,Soya beans,1997,Annual value,74273.5,A,74273.5,A,127.3,A,50.9,E,Annual,1997-01-01
29,108,Burundi,236,Soya beans,1997,Annual value,,,,,,,16.71,E,Annual,1997-01-01
115,116,Cambodia,236,Soya beans,1997,Annual value,1050000,A,1050000,A,356.4,A,26.23,E,Annual,1997-01-01
32,120,Cameroon,236,Soya beans,1997,Annual value,,,,,,,67.39,E,Annual,1997-01-01
33,124,Canada,236,Soya beans,1997,Annual value,363,A,363,A,262.2,A,81.71,E,Annual,1997-01-01
41,156,"China, mainland",236,Soya beans,1997,Annual value,3500,A,3500,A,422.2,A,73.74,E,Annual,1997-01-01
44,170,Colombia,236,Soya beans,1997,Annual value,411119,A,411119,A,360.3,A,34.9,E,Annual,1997-01-01
107,384,Côte d'Ivoire,236,Soya beans,1997,Annual value,,,,,,,35.72,E,Annual,1997-01-01
98,191,Croatia,236,Soya beans,1997,Annual value,1903,A,252.6,A,308.9,A,80.69,E,Annual,1997-01-01
167,203,Czechia,236,Soya beans,1997,Annual value,,,,,,,67.04,E,Annual,1997-01-01
58,218,Ecuador,236,Soya beans,1997,Annual value,886000,A,35.4,A,221.6,A,6.01,E,Annual,1997-01-01
59,818,Egypt,236,Soya beans,1997,Annual value,1050,A,1050,A,309.8,A,24.13,E,Annual,1997-01-01
60,222,El Salvador,236,Soya beans,1997,Annual value,,,,,,,69.82,E,Annual,1997-01-01
238,231,Ethiopia,236,Soya beans,1997,Annual value,1780,A,1780,A,265.3,A,21.53,E,Annual,1997-01-01
68,250,France,236,Soya beans,1997,Annual value,1351.3,A,206,A,231.5,A,58.88,E,Annual,1997-01-01
73,268,Georgia,236,Soya beans,1997,Annual value,,,,,,,63.53,E,Annual,1997-01-01
79,276,Germany,236,Soya beans,1997,Annual value,,,,,,,61.34,E,Annual,1997-01-01
84,300,Greece,236,Soya beans,1997,Annual value,,,,,,,56.78,E,Annual,1997-01-01
95,340,Honduras,236,Soya beans,1997,Annual value,,,,,,,60.34,E,Annual,1997-01-01
97,348,Hungary,236,Soya beans,1997,Annual value,57683,A,57683,A,308.8,A,54.89,E,Annual,1997-01-01
100,356,India,236,Soya beans,1997,Annual value,,,,,,,45.59,E,Annual,1997-01-01
101,360,Indonesia,236,Soya beans,1997,Annual value,1367704,A,1367704,A,470.1,A,16.45,E,Annual,1997-01-01
102,364,Iran (Islamic Republic of),236,Soya beans,1997,Annual value,1095100,A,1095100,A,394,A,5.7,E,Annual,1997-01-01
106,380,Italy,236,Soya beans,1997,Annual value,439727,A,227.1,A,258.2,A,81.26,E,Annual,1997-01-01
110,392,Japan,236,Soya beans,1997,Annual value,254830,A,254830,A,2106.2,A,164.98,E,Annual,1997-01-01
108,398,Kazakhstan,236,Soya beans,1997,Annual value,,,,,,,18.15,E,Annual,1997-01-01
120,418,Lao People's Democratic Republic,236,Soya beans,1997,Annual value,1072000,A,1072000,A,850.8,A,12.9,E,Annual,1997-01-01
119,428,Latvia,236,Soya beans,1997,Annual value,,,,,,,65.54,E,Annual,1997-01-01
129,450,Madagascar,236,Soya beans,1997,Annual value,,,,,,,87.94,E,Annual,1997-01-01
130,454,Malawi,236,Soya beans,1997,Annual value,15590,A,15590,A,618.8,A,4.58,E,Annual,1997-01-01
131,458,Malaysia,236,Soya beans,1997,Annual value,,,,,,,45.69,E,Annual,1997-01-01
133,466,Mali,236,Soya beans,1997,Annual value,,,,,,,73.81,E,Annual,1997-01-01
138,484,Mexico,236,Soya beans,1997,Annual value,2228.7,A,2228.7,A,281.5,A,37.09,E,Annual,1997-01-01
143,504,Morocco,236,Soya beans,1997,Annual value,3200,A,3200,A,335.9,A,97.73,E,Annual,1997-01-01
28,104,Myanmar,236,Soya beans,1997,Annual value,57355,A,57355,A,,,9.31,E,Annual,1997-01-01
149,524,Nepal,236,Soya beans,1997,Annual value,20710,A,20710,A,357,A,22.68,E,Annual,1997-01-01
157,558,Nicaragua,236,Soya beans,1997,Annual value,2199,A,2199,A,232.7,A,8.65,E,Annual,1997-01-01
159,566,Nigeria,236,Soya beans,1997,Annual value,28192,A,28192,A,358,A,27.49,E,Annual,1997-01-01
154,807,North Macedonia,236,Soya beans,1997,Annual value,,,,,,,70.25,E,Annual,1997-01-01
165,586,Pakistan,236,Soya beans,1997,Annual value,,,,,,,22.26,E,Annual,1997-01-01
166,591,Panama,236,Soya beans,1997,Annual value,,,,,,,52.82,E,Annual,1997-01-01
169,600,Paraguay,236,Soya beans,1997,Annual value,495000,A,495000,A,227.3,A,26.62,E,Annual,1997-01-01
170,604,Peru,236,Soya beans,1997,Annual value,1020,A,1020,A,382.9,A,42.91,E,Annual,1997-01-01
171,608,Philippines,236,Soya beans,1997,Annual value,12480,A,12480,A,423.5,A,53.06,E,Annual,1997-01-01
117,410,Republic of Korea,236,Soya beans,1997,Annual value,1761175,A,1761175,A,1851.4,A,46.03,E,Annual,1997-01-01
146,498,Republic of Moldova,236,Soya beans,1997,Annual value,,,,,,,6.41,E,Annual,1997-01-01
183,642,Romania,236,Soya beans,1997,Annual value,1913420,A,191.3,A,266.9,A,13.83,E,Annual,1997-01-01
185,643,Russian Federation,236,Soya beans,1997,Annual value,,,,,,,3.97,E,Annual,1997-01-01
184,646,Rwanda,236,Soya beans,1997,Annual value,298000,A,298000,A,988.3,A,63.5,E,Annual,1997-01-01
186,891,Serbia and Montenegro,236,Soya beans,1997,Annual value,1870,A,1870,A,316.4,A,,,Annual,1997-01-01
199,703,Slovakia,236,Soya beans,1997,Annual value,11240,A,373.1,A,334.4,A,112.55,E,Annual,1997-01-01
198,705,Slovenia,236,Soya beans,1997,Annual value,,,,,,,53.23,E,Annual,1997-01-01
202,710,South Africa,236,Soya beans,1997,Annual value,1391,A,1391,A,301.9,A,25.32,E,Annual,1997-01-01
203,724,Spain,236,Soya beans,1997,Annual value,32828,A,197.3,A,224.2,A,41.42,E,Annual,1997-01-01
38,144,Sri Lanka,236,Soya beans,1997,Annual value,23340,A,23340,A,395.6,A,17.36,E,Annual,1997-01-01
207,740,Suriname,236,Soya beans,1997,Annual value,800000,A,800,A,1992.2,A,5.87,E,Annual,1997-01-01
211,756,Switzerland,236,Soya beans,1997,Annual value,,,,,,,158.23,E,Annual,1997-01-01
212,760,Syrian Arab Republic,236,Soya beans,1997,Annual value,,,,,,,57.12,E,Annual,1997-01-01
208,762,Tajikistan,236,Soya beans,1997,Annual value,,,,,,,14.41,E,Annual,1997-01-01
216,764,Thailand,236,Soya beans,1997,Annual value,8650,A,8650,A,275.8,A,55.9,E,Annual,1997-01-01
223,792,Türkiye,236,Soya beans,1997,Annual value,50795000,A,50.8,A,334.5,A,4.51,E,Annual,1997-01-01
230,804,Ukraine,236,Soya beans,1997,Annual value,,,,,,,4,E,Annual,1997-01-01
215,834,United Republic of Tanzania,236,Soya beans,1997,Annual value,,,,,,,5.88,E,Annual,1997-01-01
231,840,United States of America,236,Soya beans,1997,Annual value,238,A,238,A,238,A,68.13,E,Annual,1997-01-01
234,858,Uruguay,236,Soya beans,1997,Annual value,,,,,,,20.37,E,Annual,1997-01-01
237,704,Viet Nam,236,Soya beans,1997,Annual value,4550000,A,4550000,A,389.4,A,25.31,E,Annual,1997-01-01
181,716,Zimbabwe,236,Soya beans,1997,Annual value,6000,A,16.6,A,,,2.98,E,Annual,1997-01-01
3,8,Albania,236,Soya beans,1998,Annual value,50000,A,50000,A,331.9,A,56.38,E,Annual,1998-01-01
9,32,Argentina,236,Soya beans,1998,Annual value,212,A,212,A,212.1,A,6.6,E,Annual,1998-01-01
10,36,Australia,236,Soya beans,1998,Annual value,415,A,415,A,260.7,A,73.71,E,Annual,1998-01-01
11,40,Austria,236,Soya beans,1998,Annual value,2484,A,180.5,A,200.7,A,54.21,E,Annual,1998-01-01
52,31,Azerbaijan,236,Soya beans,1998,Annual value,,,,,,,91.64,E,Annual,1998-01-01
23,84,Belize,236,Soya beans,1998,Annual value,,,,,,,97.46,E,Annual,1998-01-01
18,64,Bhutan,236,Soya beans,1998,Annual value,10300,A,10300,A,249.6,A,13.98,E,Annual,1998-01-01
19,68,Bolivia (Plurinational State of),236,Soya beans,1998,Annual value,876,A,876,A,159,A,41.17,E,Annual,1998-01-01
80,70,Bosnia and Herzegovina,236,Soya beans,1998,Annual value,340,A,340,A,193.2,A,56.17,E,Annual,1998-01-01
21,76,Brazil,236,Soya beans,1998,Annual value,225,A,225,A,193.9,A,20.68,E,Annual,1998-01-01
27,100,Bulgaria,236,Soya beans,1998,Annual value,412252,A,412.3,A,234.2,A,43.06,E,Annual,1998-01-01
233,854,Burkina Faso,236,Soya beans,1998,Annual value,84732.9,A,84732.9,A,143.6,A,58.07,E,Annual,1998-01-01
29,108,Burundi,236,Soya beans,1998,Annual value,,,,,,,15.81,E,Annual,1998-01-01
115,116,Cambodia,236,Soya beans,1998,Annual value,1080000,A,1080000,A,288.4,A,26.98,E,Annual,1998-01-01
32,120,Cameroon,236,Soya beans,1998,Annual value,,,,,,,71.29,E,Annual,1998-01-01
33,124,Canada,236,Soya beans,1998,Annual value,313,A,313,A,211,A,70.46,E,Annual,1998-01-01
41,156,"China, mainland",236,Soya beans,1998,Annual value,3000,A,3000,A,362.4,A,63.2,E,Annual,1998-01-01
44,170,Colombia,236,Soya beans,1998,Annual value,479320,A,479320,A,336.1,A,40.69,E,Annual,1998-01-01
107,384,Côte d'Ivoire,236,Soya beans,1998,Annual value,,,,,,,33.6,E,Annual,1998-01-01
98,191,Croatia,236,Soya beans,1998,Annual value,1924,A,255.4,A,302.4,A,81.58,E,Annual,1998-01-01
167,203,Czechia,236,Soya beans,1998,Annual value,,,,,,,71.29,E,Annual,1998-01-01
58,218,Ecuador,236,Soya beans,1998,Annual value,1533000,A,61.3,A,281.5,A,10.39,E,Annual,1998-01-01
59,818,Egypt,236,Soya beans,1998,Annual value,1050,A,1050,A,309.9,A,24.13,E,Annual,1998-01-01
60,222,El Salvador,236,Soya beans,1998,Annual value,,,,,,,68.04,E,Annual,1998-01-01
238,231,Ethiopia,236,Soya beans,1998,Annual value,1710,A,1710,A,240.3,A,20.69,E,Annual,1998-01-01
68,250,France,236,Soya beans,1998,Annual value,1075.2,A,163.9,A,182.3,A,46.85,E,Annual,1998-01-01
73,268,Georgia,236,Soya beans,1998,Annual value,,,,,,,66.8,E,Annual,1998-01-01
79,276,Germany,236,Soya beans,1998,Annual value,,,,,,,63.41,E,Annual,1998-01-01
84,300,Greece,236,Soya beans,1998,Annual value,,,,,,,61.86,E,Annual,1998-01-01
95,340,Honduras,236,Soya beans,1998,Annual value,,,,,,,69.8,E,Annual,1998-01-01
97,348,Hungary,236,Soya beans,1998,Annual value,62816,A,62816,A,293,A,59.78,E,Annual,1998-01-01
100,356,India,236,Soya beans,1998,Annual value,7950,A,7950,A,192.7,A,33.92,E,Annual,1998-01-01
101,360,Indonesia,236,Soya beans,1998,Annual value,2454813,A,2454813,A,245.1,A,29.53,E,Annual,1998-01-01
102,364,Iran (Islamic Republic of),236,Soya beans,1998,Annual value,1133400,A,1133400,A,353.5,A,5.9,E,Annual,1998-01-01
106,380,Italy,236,Soya beans,1998,Annual value,425011,A,219.5,A,244.8,A,78.54,E,Annual,1998-01-01
110,392,Japan,236,Soya beans,1998,Annual value,250750,A,250750,A,1915.5,A,162.34,E,Annual,1998-01-01
108,398,Kazakhstan,236,Soya beans,1998,Annual value,,,,,,,21.75,E,Annual,1998-01-01
113,417,Kyrgyzstan,236,Soya beans,1998,Annual value,,,,,,,40.52,E,Annual,1998-01-01
120,418,Lao People's Democratic Republic,236,Soya beans,1998,Annual value,2687000,A,2687000,A,814.7,A,32.33,E,Annual,1998-01-01
119,428,Latvia,236,Soya beans,1998,Annual value,,,,,,,62.47,E,Annual,1998-01-01
129,450,Madagascar,236,Soya beans,1998,Annual value,,,,,,,87.47,E,Annual,1998-01-01
130,454,Malawi,236,Soya beans,1998,Annual value,12880,A,12880,A,414.5,A,3.79,E,Annual,1998-01-01
131,458,Malaysia,236,Soya beans,1998,Annual value,,,,,,,47.49,E,Annual,1998-01-01
133,466,Mali,236,Soya beans,1998,Annual value,,,,,,,69.23,E,Annual,1998-01-01
138,484,Mexico,236,Soya beans,1998,Annual value,2286.2,A,2286.2,A,250.2,A,38.05,E,Annual,1998-01-01
143,504,Morocco,236,Soya beans,1998,Annual value,3200,A,3200,A,333.2,A,97.73,E,Annual,1998-01-01
28,104,Myanmar,236,Soya beans,1998,Annual value,71858,A,71858,A,,,11.67,E,Annual,1998-01-01
149,524,Nepal,236,Soya beans,1998,Annual value,23133,A,23133,A,350.6,A,25.33,E,Annual,1998-01-01
157,558,Nicaragua,236,Soya beans,1998,Annual value,2573,A,2573,A,243.2,A,10.13,E,Annual,1998-01-01
159,566,Nigeria,236,Soya beans,1998,Annual value,32850,A,32850,A,397.9,A,32.04,E,Annual,1998-01-01
154,807,North Macedonia,236,Soya beans,1998,Annual value,,,,,,,95.41,E,Annual,1998-01-01
165,586,Pakistan,236,Soya beans,1998,Annual value,,,,,,,25.58,E,Annual,1998-01-01
166,591,Panama,236,Soya beans,1998,Annual value,,,,,,,54.37,E,Annual,1998-01-01
169,600,Paraguay,236,Soya beans,1998,Annual value,496000,A,496000,A,181.9,A,26.67,E,Annual,1998-01-01
170,604,Peru,236,Soya beans,1998,Annual value,1190,A,1190,A,406.1,A,50.06,E,Annual,1998-01-01
171,608,Philippines,236,Soya beans,1998,Annual value,14320,A,14320,A,350.2,A,60.88,E,Annual,1998-01-01
117,410,Republic of Korea,236,Soya beans,1998,Annual value,1959875,A,1959875,A,1398.5,A,51.23,E,Annual,1998-01-01
146,498,Republic of Moldova,236,Soya beans,1998,Annual value,,,,,,,6.54,E,Annual,1998-01-01
183,642,Romania,236,Soya beans,1998,Annual value,1787420,A,178.7,A,201.4,A,12.92,E,Annual,1998-01-01
185,643,Russian Federation,236,Soya beans,1998,Annual value,,,,,,,6.1,E,Annual,1998-01-01
184,646,Rwanda,236,Soya beans,1998,Annual value,229000,A,229000,A,733.2,A,48.8,E,Annual,1998-01-01
186,891,Serbia and Montenegro,236,Soya beans,1998,Annual value,2190,A,2190,A,218.3,A,,,Annual,1998-01-01
199,703,Slovakia,236,Soya beans,1998,Annual value,11220,A,372.4,A,318.4,A,112.35,E,Annual,1998-01-01
198,705,Slovenia,236,Soya beans,1998,Annual value,,,,,,,54.99,E,Annual,1998-01-01
202,710,South Africa,236,Soya beans,1998,Annual value,1096,A,1096,A,198.3,A,19.95,E,Annual,1998-01-01
203,724,Spain,236,Soya beans,1998,Annual value,31014,A,186.4,A,207.6,A,39.13,E,Annual,1998-01-01
38,144,Sri Lanka,236,Soya beans,1998,Annual value,28730,A,28730,A,445.8,A,21.36,E,Annual,1998-01-01
207,740,Suriname,236,Soya beans,1998,Annual value,1370000,A,1370,A,3411.3,A,10.05,E,Annual,1998-01-01
211,756,Switzerland,236,Soya beans,1998,Annual value,,,,,,,144.5,E,Annual,1998-01-01
212,760,Syrian Arab Republic,236,Soya beans,1998,Annual value,,,,,,,57.12,E,Annual,1998-01-01
208,762,Tajikistan,236,Soya beans,1998,Annual value,,,,,,,20.02,E,Annual,1998-01-01
216,764,Thailand,236,Soya beans,1998,Annual value,9450,A,9450,A,228.5,A,61.07,E,Annual,1998-01-01
223,792,Türkiye,236,Soya beans,1998,Annual value,80779000,A,80.8,A,309.8,A,7.17,E,Annual,1998-01-01
230,804,Ukraine,236,Soya beans,1998,Annual value,,,,,,,5.23,E,Annual,1998-01-01
215,834,United Republic of Tanzania,236,Soya beans,1998,Annual value,,,,,,,5.71,E,Annual,1998-01-01
231,840,United States of America,236,Soya beans,1998,Annual value,181,A,181,A,181,A,51.81,E,Annual,1998-01-01
234,858,Uruguay,236,Soya beans,1998,Annual value,,,,,,,23.39,E,Annual,1998-01-01
237,704,Viet Nam,236,Soya beans,1998,Annual value,4580000,A,4580000,A,345.2,A,25.47,E,Annual,1998-01-01
181,716,Zimbabwe,236,Soya beans,1998,Annual value,3660,A,10.1,A,,,1.82,E,Annual,1998-01-01
3,8,Albania,236,Soya beans,1999,Annual value,60000,A,60000,A,435.8,A,67.65,E,Annual,1999-01-01
9,32,Argentina,236,Soya beans,1999,Annual value,167,A,167,A,167.1,A,5.2,E,Annual,1999-01-01
10,36,Australia,236,Soya beans,1999,Annual value,408,A,408,A,263.2,A,72.46,E,Annual,1999-01-01
11,40,Austria,236,Soya beans,1999,Annual value,2455,A,178.4,A,190.1,A,53.58,E,Annual,1999-01-01
52,31,Azerbaijan,236,Soya beans,1999,Annual value,,,,,,,93.62,E,Annual,1999-01-01
23,84,Belize,236,Soya beans,1999,Annual value,,,,,,,95.49,E,Annual,1999-01-01
18,64,Bhutan,236,Soya beans,1999,Annual value,12000,A,12000,A,278.7,A,16.29,E,Annual,1999-01-01
19,68,Bolivia (Plurinational State of),236,Soya beans,1999,Annual value,888,A,888,A,152.8,A,41.74,E,Annual,1999-01-01
80,70,Bosnia and Herzegovina,236,Soya beans,1999,Annual value,390,A,390,A,212.4,A,64.43,E,Annual,1999-01-01
21,76,Brazil,236,Soya beans,1999,Annual value,263,A,263,A,145,A,24.18,E,Annual,1999-01-01
27,100,Bulgaria,236,Soya beans,1999,Annual value,368,A,368,A,200.4,A,38.44,E,Annual,1999-01-01
233,854,Burkina Faso,236,Soya beans,1999,Annual value,74273.5,A,74273.5,A,120.6,A,50.9,E,Annual,1999-01-01
29,108,Burundi,236,Soya beans,1999,Annual value,,,,,,,15.45,E,Annual,1999-01-01
115,116,Cambodia,236,Soya beans,1999,Annual value,785000,A,785000,A,206.2,A,19.61,E,Annual,1999-01-01
32,120,Cameroon,236,Soya beans,1999,Annual value,,,,,,,66.8,E,Annual,1999-01-01
33,124,Canada,236,Soya beans,1999,Annual value,263,A,263,A,177,A,59.2,E,Annual,1999-01-01
41,156,"China, mainland",236,Soya beans,1999,Annual value,2350,A,2350,A,283.9,A,49.51,E,Annual,1999-01-01
44,170,Colombia,236,Soya beans,1999,Annual value,556614,A,556614,A,316.9,A,47.26,E,Annual,1999-01-01
107,384,Côte d'Ivoire,236,Soya beans,1999,Annual value,,,,,,,27.87,E,Annual,1999-01-01
98,191,Croatia,236,Soya beans,1999,Annual value,1713,A,227.4,A,240.9,A,72.63,E,Annual,1999-01-01
167,203,Czechia,236,Soya beans,1999,Annual value,,,,,,,54.87,E,Annual,1999-01-01
58,218,Ecuador,236,Soya beans,1999,Annual value,2808000,A,112.3,A,238.2,A,19.03,E,Annual,1999-01-01
59,818,Egypt,236,Soya beans,1999,Annual value,865,A,865,A,254.8,A,19.88,E,Annual,1999-01-01
60,222,El Salvador,236,Soya beans,1999,Annual value,,,,,,,57.06,E,Annual,1999-01-01
238,231,Ethiopia,236,Soya beans,1999,Annual value,1470,A,1470,A,185.1,A,17.78,E,Annual,1999-01-01
68,250,France,236,Soya beans,1999,Annual value,1118.8,A,170.6,A,181.7,A,48.75,E,Annual,1999-01-01
73,268,Georgia,236,Soya beans,1999,Annual value,,,,,,,45.62,E,Annual,1999-01-01
79,276,Germany,236,Soya beans,1999,Annual value,,,,,,,44.07,E,Annual,1999-01-01
84,300,Greece,236,Soya beans,1999,Annual value,,,,,,,55.77,E,Annual,1999-01-01
95,340,Honduras,236,Soya beans,1999,Annual value,,,,,,,54.15,E,Annual,1999-01-01
97,348,Hungary,236,Soya beans,1999,Annual value,45386,A,45386,A,191.4,A,43.19,E,Annual,1999-01-01
100,356,India,236,Soya beans,1999,Annual value,8450,A,8450,A,196.3,A,36.06,E,Annual,1999-01-01
101,360,Indonesia,236,Soya beans,1999,Annual value,2608220,A,2608220,A,332,A,31.38,E,Annual,1999-01-01
102,364,Iran (Islamic Republic of),236,Soya beans,1999,Annual value,1449300,A,1449300,A,347.4,A,7.54,E,Annual,1999-01-01
106,380,Italy,236,Soya beans,1999,Annual value,333038,A,172,A,183.3,A,61.55,E,Annual,1999-01-01
110,392,Japan,236,Soya beans,1999,Annual value,246333.3,A,246333.3,A,2162.6,A,159.48,E,Annual,1999-01-01
108,398,Kazakhstan,236,Soya beans,1999,Annual value,,,,,,,24.14,E,Annual,1999-01-01
113,417,Kyrgyzstan,236,Soya beans,1999,Annual value,,,,,,,55.74,E,Annual,1999-01-01
120,418,Lao People's Democratic Republic,236,Soya beans,1999,Annual value,3360000,A,3360000,A,473.1,A,40.43,E,Annual,1999-01-01
119,428,Latvia,236,Soya beans,1999,Annual value,,,,,,,59.91,E,Annual,1999-01-01
129,450,Madagascar,236,Soya beans,1999,Annual value,,,,,,,82.17,E,Annual,1999-01-01
130,454,Malawi,236,Soya beans,1999,Annual value,,,,,,,8.05,E,Annual,1999-01-01
131,458,Malaysia,236,Soya beans,1999,Annual value,,,,,,,47.49,E,Annual,1999-01-01
133,466,Mali,236,Soya beans,1999,Annual value,,,,,,,63.9,E,Annual,1999-01-01
138,484,Mexico,236,Soya beans,1999,Annual value,2464.4,A,2464.4,A,257.8,A,41.01,E,Annual,1999-01-01
143,504,Morocco,236,Soya beans,1999,Annual value,,,,,,,98.16,E,Annual,1999-01-01
28,104,Myanmar,236,Soya beans,1999,Annual value,100065,A,100065,A,,,16.25,E,Annual,1999-01-01
149,524,Nepal,236,Soya beans,1999,Annual value,25354,A,25354,A,371.5,A,27.76,E,Annual,1999-01-01
157,558,Nicaragua,236,Soya beans,1999,Annual value,2744,A,2744,A,232.4,A,10.8,E,Annual,1999-01-01
159,566,Nigeria,236,Soya beans,1999,Annual value,39813,A,39813,A,431.2,A,38.83,E,Annual,1999-01-01
154,807,North Macedonia,236,Soya beans,1999,Annual value,,,,,,,61.77,E,Annual,1999-01-01
165,586,Pakistan,236,Soya beans,1999,Annual value,14375,A,14375,A,290.4,A,31.33,E,Annual,1999-01-01
166,591,Panama,236,Soya beans,1999,Annual value,,,,,,,51.84,E,Annual,1999-01-01
169,600,Paraguay,236,Soya beans,1999,Annual value,342000,A,342000,A,109.6,A,18.39,E,Annual,1999-01-01
170,604,Peru,236,Soya beans,1999,Annual value,1280,A,1280,A,378.3,A,53.84,E,Annual,1999-01-01
171,608,Philippines,236,Soya beans,1999,Annual value,10770,A,10770,A,275.5,A,45.79,E,Annual,1999-01-01
117,410,Republic of Korea,236,Soya beans,1999,Annual value,2698050,A,2698050,A,2269.5,A,70.52,E,Annual,1999-01-01
146,498,Republic of Moldova,236,Soya beans,1999,Annual value,,,,,,,13,E,Annual,1999-01-01
183,642,Romania,236,Soya beans,1999,Annual value,2375030,A,237.5,A,154.9,A,17.17,E,Annual,1999-01-01
185,643,Russian Federation,236,Soya beans,1999,Annual value,,,,,,,15.26,E,Annual,1999-01-01
184,646,Rwanda,236,Soya beans,1999,Annual value,180000,A,180000,A,539,A,38.35,E,Annual,1999-01-01
186,891,Serbia and Montenegro,236,Soya beans,1999,Annual value,3170,A,3170,A,271.9,A,,,Annual,1999-01-01
199,703,Slovakia,236,Soya beans,1999,Annual value,10230,A,339.6,A,247.3,A,102.44,E,Annual,1999-01-01
198,705,Slovenia,236,Soya beans,1999,Annual value,,,,,,,58.55,E,Annual,1999-01-01
202,710,South Africa,236,Soya beans,1999,Annual value,1203,A,1203,A,196.9,A,21.9,E,Annual,1999-01-01
203,724,Spain,236,Soya beans,1999,Annual value,32562,A,195.7,A,208.5,A,41.09,E,Annual,1999-01-01
38,144,Sri Lanka,236,Soya beans,1999,Annual value,28660,A,28660,A,405.7,A,21.31,E,Annual,1999-01-01
207,740,Suriname,236,Soya beans,1999,Annual value,1800000,A,1800,A,2158.1,A,13.2,E,Annual,1999-01-01
211,756,Switzerland,236,Soya beans,1999,Annual value,,,,,,,145.53,E,Annual,1999-01-01
212,760,Syrian Arab Republic,236,Soya beans,1999,Annual value,,,,,,,57.12,E,Annual,1999-01-01
208,762,Tajikistan,236,Soya beans,1999,Annual value,,,,,,,20.42,E,Annual,1999-01-01
216,764,Thailand,236,Soya beans,1999,Annual value,8840,A,8840,A,233.8,A,57.13,E,Annual,1999-01-01
223,792,Türkiye,236,Soya beans,1999,Annual value,121301000,A,121.3,A,289.7,A,10.77,E,Annual,1999-01-01
230,804,Ukraine,236,Soya beans,1999,Annual value,,,,,,,8.27,E,Annual,1999-01-01
215,834,United Republic of Tanzania,236,Soya beans,1999,Annual value,,,,,,,5.6,E,Annual,1999-01-01
231,840,United States of America,236,Soya beans,1999,Annual value,170,A,170,A,170,A,48.66,E,Annual,1999-01-01
234,858,Uruguay,236,Soya beans,1999,Annual value,1721,A,1721,A,151.8,A,16.75,E,Annual,1999-01-01
237,704,Viet Nam,236,Soya beans,1999,Annual value,,,,,,,25.18,E,Annual,1999-01-01
181,716,Zimbabwe,236,Soya beans,1999,Annual value,6500,A,18,A,,,3.23,E,Annual,1999-01-01
3,8,Albania,236,Soya beans,2000,Annual value,70000,A,70000,A,487.1,A,78.93,E,Annual,2000-01-01
9,32,Argentina,236,Soya beans,2000,Annual value,180,A,180,A,180.1,A,5.61,E,Annual,2000-01-01
10,36,Australia,236,Soya beans,2000,Annual value,344,A,344,A,199.4,A,61.1,E,Annual,2000-01-01
11,40,Austria,236,Soya beans,2000,Annual value,2493,A,181.2,A,166.9,A,54.41,E,Annual,2000-01-01
52,31,Azerbaijan,236,Soya beans,2000,Annual value,,,,,,,105.32,E,Annual,2000-01-01
23,84,Belize,236,Soya beans,2000,Annual value,,,,,,,96.35,E,Annual,2000-01-01
18,64,Bhutan,236,Soya beans,2000,Annual value,14000,A,14000,A,311.5,A,19,E,Annual,2000-01-01
19,68,Bolivia (Plurinational State of),236,Soya beans,2000,Annual value,859,A,859,A,138.9,A,40.38,E,Annual,2000-01-01
80,70,Bosnia and Herzegovina,236,Soya beans,2000,Annual value,440,A,440,A,207.3,A,72.69,E,Annual,2000-01-01
21,76,Brazil,236,Soya beans,2000,Annual value,286,A,286,A,156.3,A,26.29,E,Annual,2000-01-01
27,100,Bulgaria,236,Soya beans,2000,Annual value,406,A,406,A,191.2,A,42.4,E,Annual,2000-01-01
233,854,Burkina Faso,236,Soya beans,2000,Annual value,55000,A,55000,A,77.2,A,37.69,E,Annual,2000-01-01
29,108,Burundi,236,Soya beans,2000,Annual value,,,,,,,16.25,E,Annual,2000-01-01
115,116,Cambodia,236,Soya beans,2000,Annual value,1185000,A,1185000,A,308.5,A,29.6,E,Annual,2000-01-01
32,120,Cameroon,236,Soya beans,2000,Annual value,,,,,,,53.99,E,Annual,2000-01-01
33,124,Canada,236,Soya beans,2000,Annual value,263,A,263,A,177.1,A,59.2,E,Annual,2000-01-01
41,156,"China, mainland",236,Soya beans,2000,Annual value,2380,A,2380,A,287.5,A,50.14,E,Annual,2000-01-01
44,170,Colombia,236,Soya beans,2000,Annual value,645206.8,A,645206.8,A,309,A,54.78,E,Annual,2000-01-01
107,384,Côte d'Ivoire,236,Soya beans,2000,Annual value,,,,,,,31.28,E,Annual,2000-01-01
98,191,Croatia,236,Soya beans,2000,Annual value,1583,A,210.1,A,191.2,A,67.12,E,Annual,2000-01-01
167,203,Czechia,236,Soya beans,2000,Annual value,,,,,,,63.36,E,Annual,2000-01-01
58,218,Ecuador,236,Soya beans,2000,Annual value,190,A,190,A,190,A,32.2,E,Annual,2000-01-01
59,818,Egypt,236,Soya beans,2000,Annual value,1050,A,1050,A,302.4,A,24.13,E,Annual,2000-01-01
60,222,El Salvador,236,Soya beans,2000,Annual value,,,,,,,58,E,Annual,2000-01-01
238,231,Ethiopia,236,Soya beans,2000,Annual value,1300,A,1300,A,158.2,A,15.73,E,Annual,2000-01-01
68,250,France,236,Soya beans,2000,Annual value,1357.4,A,206.9,A,190.7,A,59.14,E,Annual,2000-01-01
73,268,Georgia,236,Soya beans,2000,Annual value,,,,,,,47.16,E,Annual,2000-01-01
79,276,Germany,236,Soya beans,2000,Annual value,,,,,,,52.25,E,Annual,2000-01-01
84,300,Greece,236,Soya beans,2000,Annual value,,,,,,,57.12,E,Annual,2000-01-01
95,340,Honduras,236,Soya beans,2000,Annual value,,,,,,,51,E,Annual,2000-01-01
97,348,Hungary,236,Soya beans,2000,Annual value,49937,A,49937,A,177,A,47.52,E,Annual,2000-01-01
100,356,India,236,Soya beans,2000,Annual value,8650,A,8650,A,192.5,A,36.91,E,Annual,2000-01-01
101,360,Indonesia,236,Soya beans,2000,Annual value,2268290,A,2268290,A,269.3,A,27.29,E,Annual,2000-01-01
102,364,Iran (Islamic Republic of),236,Soya beans,2000,Annual value,1796400,A,1796400,A,313.5,A,9.35,E,Annual,2000-01-01
106,380,Italy,236,Soya beans,2000,Annual value,,,,,,,67.95,E,Annual,2000-01-01
110,392,Japan,236,Soya beans,2000,Annual value,240000,A,240000,A,2227.1,A,155.38,E,Annual,2000-01-01
108,398,Kazakhstan,236,Soya beans,2000,Annual value,,,,,,,21.78,E,Annual,2000-01-01
113,417,Kyrgyzstan,236,Soya beans,2000,Annual value,,,,,,,70.88,E,Annual,2000-01-01
120,418,Lao People's Democratic Republic,236,Soya beans,2000,Annual value,2280000,A,2280000,A,289.1,A,27.43,E,Annual,2000-01-01
119,428,Latvia,236,Soya beans,2000,Annual value,,,,,,,59.91,E,Annual,2000-01-01
129,450,Madagascar,236,Soya beans,2000,Annual value,,,,,,,81.69,E,Annual,2000-01-01
130,454,Malawi,236,Soya beans,2000,Annual value,28160,A,28160,A,472.9,A,8.28,E,Annual,2000-01-01
131,458,Malaysia,236,Soya beans,2000,Annual value,,,,,,,49.81,E,Annual,2000-01-01
133,466,Mali,236,Soya beans,2000,Annual value,,,,,,,56.75,E,Annual,2000-01-01
138,484,Mexico,236,Soya beans,2000,Annual value,1803.3,A,1803.3,A,190.7,A,30.01,E,Annual,2000-01-01
143,504,Morocco,236,Soya beans,2000,Annual value,,,,,,,89.05,E,Annual,2000-01-01
28,104,Myanmar,236,Soya beans,2000,Annual value,104107,A,104107,A,,,16.91,E,Annual,2000-01-01
149,524,Nepal,236,Soya beans,2000,Annual value,25970,A,25970,A,365.3,A,28.44,E,Annual,2000-01-01
157,558,Nicaragua,236,Soya beans,2000,Annual value,2869,A,2869,A,226.2,A,11.29,E,Annual,2000-01-01
159,566,Nigeria,236,Soya beans,2000,Annual value,34119,A,34119,A,335.5,A,33.27,E,Annual,2000-01-01
154,807,North Macedonia,236,Soya beans,2000,Annual value,,,,,,,67.15,E,Annual,2000-01-01
165,586,Pakistan,236,Soya beans,2000,Annual value,14875,A,14875,A,277.3,A,32.42,E,Annual,2000-01-01
166,591,Panama,236,Soya beans,2000,Annual value,,,,,,,54.76,E,Annual,2000-01-01
169,600,Paraguay,236,Soya beans,2000,Annual value,650000,A,650000,A,186.4,A,34.95,E,Annual,2000-01-01
170,604,Peru,236,Soya beans,2000,Annual value,1140,A,1140,A,326.6,A,47.95,E,Annual,2000-01-01
171,608,Philippines,236,Soya beans,2000,Annual value,13020,A,13020,A,294.6,A,55.35,E,Annual,2000-01-01
117,410,Republic of Korea,236,Soya beans,2000,Annual value,2489925,A,2489925,A,2201.6,A,65.08,E,Annual,2000-01-01
146,498,Republic of Moldova,236,Soya beans,2000,Annual value,,,,,,,13.67,E,Annual,2000-01-01
183,642,Romania,236,Soya beans,2000,Annual value,3678120,A,367.8,A,169.4,A,26.59,E,Annual,2000-01-01
185,643,Russian Federation,236,Soya beans,2000,Annual value,,,,,,,14.58,E,Annual,2000-01-01
184,646,Rwanda,236,Soya beans,2000,Annual value,157000,A,157000,A,402.9,A,33.45,E,Annual,2000-01-01
186,891,Serbia and Montenegro,236,Soya beans,2000,Annual value,8250,A,8250,A,130.6,A,,,Annual,2000-01-01
199,703,Slovakia,236,Soya beans,2000,Annual value,10005,A,332.1,A,217.3,A,100.19,E,Annual,2000-01-01
198,705,Slovenia,236,Soya beans,2000,Annual value,,,,,,,22.58,E,Annual,2000-01-01
202,710,South Africa,236,Soya beans,2000,Annual value,1286,A,1286,A,185.3,A,23.41,E,Annual,2000-01-01
203,724,Spain,236,Soya beans,2000,Annual value,35473,A,213.2,A,196.4,A,44.76,E,Annual,2000-01-01
38,144,Sri Lanka,236,Soya beans,2000,Annual value,31630,A,31630,A,410.8,A,23.52,E,Annual,2000-01-01
207,740,Suriname,236,Soya beans,2000,Annual value,2750000,A,2750,A,2079.4,A,20.17,E,Annual,2000-01-01
211,756,Switzerland,236,Soya beans,2000,Annual value,,,,,,,77.24,E,Annual,2000-01-01
212,760,Syrian Arab Republic,236,Soya beans,2000,Annual value,,,,,,,57.12,E,Annual,2000-01-01
208,762,Tajikistan,236,Soya beans,2000,Annual value,,,,,,,21.19,E,Annual,2000-01-01
216,764,Thailand,236,Soya beans,2000,Annual value,9220,A,9220,A,229.9,A,59.59,E,Annual,2000-01-01
223,792,Türkiye,236,Soya beans,2000,Annual value,146672992,A,146.7,A,234.6,A,13.02,E,Annual,2000-01-01
230,804,Ukraine,236,Soya beans,2000,Annual value,,,,,,,8.51,E,Annual,2000-01-01
215,834,United Republic of Tanzania,236,Soya beans,2000,Annual value,,,,,,,5.51,E,Annual,2000-01-01
231,840,United States of America,236,Soya beans,2000,Annual value,167,A,167,A,167,A,47.81,E,Annual,2000-01-01
234,858,Uruguay,236,Soya beans,2000,Annual value,1906,A,1906,A,157.5,A,18.55,E,Annual,2000-01-01
237,704,Viet Nam,236,Soya beans,2000,Annual value,,,,,,,25.22,E,Annual,2000-01-01
181,716,Zimbabwe,236,Soya beans,2000,Annual value,9400,A,26,A,,,4.67,E,Annual,2000-01-01
3,8,Albania,236,Soya beans,2001,Annual value,69800,A,69800,A,486.5,A,78.7,E,Annual,2001-01-01
9,32,Argentina,236,Soya beans,2001,Annual value,169,A,169,A,169.1,A,5.26,E,Annual,2001-01-01
10,36,Australia,236,Soya beans,2001,Annual value,377,A,377,A,195,A,66.96,E,Annual,2001-01-01
11,40,Austria,236,Soya beans,2001,Annual value,2963,A,215.3,A,192.7,A,64.66,E,Annual,2001-01-01
52,31,Azerbaijan,236,Soya beans,2001,Annual value,,,,,,,107.97,E,Annual,2001-01-01
23,84,Belize,236,Soya beans,2001,Annual value,,,,,,,95.73,E,Annual,2001-01-01
18,64,Bhutan,236,Soya beans,2001,Annual value,7800,A,7800,A,165.3,A,10.59,E,Annual,2001-01-01
19,68,Bolivia (Plurinational State of),236,Soya beans,2001,Annual value,894,A,894,A,135.3,A,42.02,E,Annual,2001-01-01
80,70,Bosnia and Herzegovina,236,Soya beans,2001,Annual value,425,A,425,A,194.4,A,70.21,E,Annual,2001-01-01
21,76,Brazil,236,Soya beans,2001,Annual value,354,A,354,A,150.7,A,32.54,E,Annual,2001-01-01
27,100,Bulgaria,236,Soya beans,2001,Annual value,421,A,421,A,192.7,A,43.97,E,Annual,2001-01-01
233,854,Burkina Faso,236,Soya beans,2001,Annual value,60500,A,60500,A,82.5,A,41.46,E,Annual,2001-01-01
29,108,Burundi,236,Soya beans,2001,Annual value,,,,,,,20.58,E,Annual,2001-01-01
115,116,Cambodia,236,Soya beans,2001,Annual value,968000,A,968000,A,247.2,A,24.18,E,Annual,2001-01-01
32,120,Cameroon,236,Soya beans,2001,Annual value,,,,,,,53.92,E,Annual,2001-01-01
33,124,Canada,236,Soya beans,2001,Annual value,260,A,260,A,167.9,A,58.53,E,Annual,2001-01-01
41,156,"China, mainland",236,Soya beans,2001,Annual value,1968,A,1968,A,237.8,A,41.46,E,Annual,2001-01-01
44,170,Colombia,236,Soya beans,2001,Annual value,683819.2,A,683819.2,A,297.4,A,58.06,E,Annual,2001-01-01
107,384,Côte d'Ivoire,236,Soya beans,2001,Annual value,,,,,,,30.96,E,Annual,2001-01-01
98,191,Croatia,236,Soya beans,2001,Annual value,1579,A,209.6,A,189.3,A,66.95,E,Annual,2001-01-01
167,203,Czechia,236,Soya beans,2001,Annual value,,,,,,,74.17,E,Annual,2001-01-01
58,218,Ecuador,236,Soya beans,2001,Annual value,227,A,227,A,227,A,38.47,E,Annual,2001-01-01
59,818,Egypt,236,Soya beans,2001,Annual value,1100,A,1100,A,276.9,A,25.28,E,Annual,2001-01-01
60,222,El Salvador,236,Soya beans,2001,Annual value,,,,,,,60.29,E,Annual,2001-01-01
238,231,Ethiopia,236,Soya beans,2001,Annual value,1110,A,1110,A,131.2,A,13.43,E,Annual,2001-01-01
68,250,France,236,Soya beans,2001,Annual value,1544.1,A,235.4,A,210.6,A,67.28,E,Annual,2001-01-01
73,268,Georgia,236,Soya beans,2001,Annual value,,,,,,,46.69,E,Annual,2001-01-01
79,276,Germany,236,Soya beans,2001,Annual value,,,,,,,63.57,E,Annual,2001-01-01
84,300,Greece,236,Soya beans,2001,Annual value,,,,,,,60.19,E,Annual,2001-01-01
95,340,Honduras,236,Soya beans,2001,Annual value,,,,,,,50.55,E,Annual,2001-01-01
97,348,Hungary,236,Soya beans,2001,Annual value,65605,A,65605,A,229,A,62.43,E,Annual,2001-01-01
100,356,India,236,Soya beans,2001,Annual value,8850,A,8850,A,187.6,A,37.76,E,Annual,2001-01-01
101,360,Indonesia,236,Soya beans,2001,Annual value,2663080,A,2663080,A,259.5,A,32.04,E,Annual,2001-01-01
102,364,Iran (Islamic Republic of),236,Soya beans,2001,Annual value,1890100,A,1890100,A,306.7,A,9.84,E,Annual,2001-01-01
106,380,Italy,236,Soya beans,2001,Annual value,,,,,,,72.41,E,Annual,2001-01-01
110,392,Japan,236,Soya beans,2001,Annual value,221000,A,221000,A,1818.5,A,143.08,E,Annual,2001-01-01
108,398,Kazakhstan,236,Soya beans,2001,Annual value,,,,,,,23.59,E,Annual,2001-01-01
113,417,Kyrgyzstan,236,Soya beans,2001,Annual value,,,,,,,76.07,E,Annual,2001-01-01
120,418,Lao People's Democratic Republic,236,Soya beans,2001,Annual value,3176000,A,3176000,A,354.7,A,38.21,E,Annual,2001-01-01
119,428,Latvia,236,Soya beans,2001,Annual value,,,,,,,56.84,E,Annual,2001-01-01
129,450,Madagascar,236,Soya beans,2001,Annual value,,,,,,,89.19,E,Annual,2001-01-01
130,454,Malawi,236,Soya beans,2001,Annual value,35590,A,35590,A,493,A,10.47,E,Annual,2001-01-01
131,458,Malaysia,236,Soya beans,2001,Annual value,,,,,,,48.39,E,Annual,2001-01-01
133,466,Mali,236,Soya beans,2001,Annual value,,,,,,,57.19,E,Annual,2001-01-01
138,484,Mexico,236,Soya beans,2001,Annual value,1847.2,A,1847.2,A,197.7,A,30.74,E,Annual,2001-01-01
143,504,Morocco,236,Soya beans,2001,Annual value,,,,,,,84.33,E,Annual,2001-01-01
28,104,Myanmar,236,Soya beans,2001,Annual value,142382,A,142382,A,,,23.12,E,Annual,2001-01-01
149,524,Nepal,236,Soya beans,2001,Annual value,26670,A,26670,A,355.8,A,29.2,E,Annual,2001-01-01
157,558,Nicaragua,236,Soya beans,2001,Annual value,2971,A,2971,A,222.2,A,11.69,E,Annual,2001-01-01
159,566,Nigeria,236,Soya beans,2001,Annual value,48390,A,48390,A,435,A,47.19,E,Annual,2001-01-01
154,807,North Macedonia,236,Soya beans,2001,Annual value,,,,,,,67.21,E,Annual,2001-01-01
165,586,Pakistan,236,Soya beans,2001,Annual value,,,,,,,34.05,E,Annual,2001-01-01
166,591,Panama,236,Soya beans,2001,Annual value,,,,,,,49.71,E,Annual,2001-01-01
169,600,Paraguay,236,Soya beans,2001,Annual value,427000,A,427000,A,104,A,22.96,E,Annual,2001-01-01
170,604,Peru,236,Soya beans,2001,Annual value,1100,A,1100,A,313.7,A,46.27,E,Annual,2001-01-01
171,608,Philippines,236,Soya beans,2001,Annual value,15690,A,15690,A,307.7,A,66.7,E,Annual,2001-01-01
117,410,Republic of Korea,236,Soya beans,2001,Annual value,2287875,A,2287875,A,1772.2,A,59.8,E,Annual,2001-01-01
146,498,Republic of Moldova,236,Soya beans,2001,Annual value,,,,,,,15.76,E,Annual,2001-01-01
183,642,Romania,236,Soya beans,2001,Annual value,5794000,A,579.4,A,199.4,A,41.88,E,Annual,2001-01-01
185,643,Russian Federation,236,Soya beans,2001,Annual value,,,,,,,19.48,E,Annual,2001-01-01
184,646,Rwanda,236,Soya beans,2001,Annual value,139000,A,139000,A,313.8,A,29.62,E,Annual,2001-01-01
186,891,Serbia and Montenegro,236,Soya beans,2001,Annual value,13460,A,13460,A,201.2,A,,,Annual,2001-01-01
199,703,Slovakia,236,Soya beans,2001,Annual value,9078,A,301.3,A,187.7,A,90.9,E,Annual,2001-01-01
198,705,Slovenia,236,Soya beans,2001,Annual value,,,,,,,27.22,E,Annual,2001-01-01
202,710,South Africa,236,Soya beans,2001,Annual value,1243,A,1243,A,144.4,A,22.63,E,Annual,2001-01-01
203,724,Spain,236,Soya beans,2001,Annual value,39217,A,235.7,A,210.9,A,49.48,E,Annual,2001-01-01
38,144,Sri Lanka,236,Soya beans,2001,Annual value,47160,A,47160,A,527.6,A,35.07,E,Annual,2001-01-01
207,740,Suriname,236,Soya beans,2001,Annual value,5112000,A,5112,A,2346.9,A,37.5,E,Annual,2001-01-01
211,756,Switzerland,236,Soya beans,2001,Annual value,,,,,,,82.8,E,Annual,2001-01-01
212,760,Syrian Arab Republic,236,Soya beans,2001,Annual value,,,,,,,57.12,E,Annual,2001-01-01
208,762,Tajikistan,236,Soya beans,2001,Annual value,,,,,,,28.04,E,Annual,2001-01-01
216,764,Thailand,236,Soya beans,2001,Annual value,9380,A,9380,A,211.1,A,60.62,E,Annual,2001-01-01
223,792,Türkiye,236,Soya beans,2001,Annual value,224848992,A,224.8,A,183.5,A,19.96,E,Annual,2001-01-01
230,804,Ukraine,236,Soya beans,2001,Annual value,,,,,,,12.75,E,Annual,2001-01-01
215,834,United Republic of Tanzania,236,Soya beans,2001,Annual value,,,,,,,5.24,E,Annual,2001-01-01
231,840,United States of America,236,Soya beans,2001,Annual value,161,A,161,A,161,A,46.09,E,Annual,2001-01-01
234,858,Uruguay,236,Soya beans,2001,Annual value,1784,A,1784,A,133.9,A,17.36,E,Annual,2001-01-01
237,704,Viet Nam,236,Soya beans,2001,Annual value,,,,,,,24.33,E,Annual,2001-01-01
181,716,Zimbabwe,236,Soya beans,2001,Annual value,17000,A,47,A,,,8.44,E,Annual,2001-01-01
3,8,Albania,236,Soya beans,2002,Annual value,70000,A,70000,A,499.4,A,78.93,E,Annual,2002-01-01
9,32,Argentina,236,Soya beans,2002,Annual value,469,A,469,A,153.1,A,14.61,E,Annual,2002-01-01
10,36,Australia,236,Soya beans,2002,Annual value,353,A,353,A,191.8,A,62.7,E,Annual,2002-01-01
11,40,Austria,236,Soya beans,2002,Annual value,218,A,218,A,205.2,A,65.47,E,Annual,2002-01-01
52,31,Azerbaijan,236,Soya beans,2002,Annual value,,,,,,,111.33,E,Annual,2002-01-01
23,84,Belize,236,Soya beans,2002,Annual value,794,A,794,A,397,A,98.08,E,Annual,2002-01-01
18,64,Bhutan,236,Soya beans,2002,Annual value,9100,A,9100,A,187.2,A,12.35,E,Annual,2002-01-01
19,68,Bolivia (Plurinational State of),236,Soya beans,2002,Annual value,1044.7,A,1044.7,A,145.7,A,49.1,E,Annual,2002-01-01
80,70,Bosnia and Herzegovina,236,Soya beans,2002,Annual value,460,A,460,A,221.3,A,75.99,E,Annual,2002-01-01
21,76,Brazil,236,Soya beans,2002,Annual value,501.7,A,501.7,A,171.8,A,46.12,E,Annual,2002-01-01
27,100,Bulgaria,236,Soya beans,2002,Annual value,430,A,430,A,207,A,44.91,E,Annual,2002-01-01
233,854,Burkina Faso,236,Soya beans,2002,Annual value,63511,A,63511,A,91.1,A,43.53,E,Annual,2002-01-01
29,108,Burundi,236,Soya beans,2002,Annual value,,,,,,,24.42,E,Annual,2002-01-01
115,116,Cambodia,236,Soya beans,2002,Annual value,1700000,A,1700000,A,434.6,A,42.47,E,Annual,2002-01-01
32,120,Cameroon,236,Soya beans,2002,Annual value,,,,,,,58.76,E,Annual,2002-01-01
33,124,Canada,236,Soya beans,2002,Annual value,294,A,294,A,187.3,A,66.18,E,Annual,2002-01-01
41,156,"China, mainland",236,Soya beans,2002,Annual value,2210,A,2210,A,267,A,46.56,E,Annual,2002-01-01
44,170,Colombia,236,Soya beans,2002,Annual value,725339.6,A,725339.6,A,289.6,A,61.58,E,Annual,2002-01-01
107,384,Côte d'Ivoire,236,Soya beans,2002,Annual value,,,,,,,31.08,E,Annual,2002-01-01
98,191,Croatia,236,Soya beans,2002,Annual value,1535,A,203.7,A,195,A,65.09,E,Annual,2002-01-01
167,203,Czechia,236,Soya beans,2002,Annual value,,,,,,,71.31,E,Annual,2002-01-01
58,218,Ecuador,236,Soya beans,2002,Annual value,256,A,256,A,256,A,43.38,E,Annual,2002-01-01
59,818,Egypt,236,Soya beans,2002,Annual value,1150,A,1150,A,255.6,A,26.43,E,Annual,2002-01-01
60,222,El Salvador,236,Soya beans,2002,Annual value,,,,,,,56.23,E,Annual,2002-01-01
238,231,Ethiopia,236,Soya beans,2002,Annual value,1510,A,1510,A,176.2,A,18.27,E,Annual,2002-01-01
68,250,France,236,Soya beans,2002,Annual value,202.8,A,202.8,A,190.9,A,57.96,E,Annual,2002-01-01
73,268,Georgia,236,Soya beans,2002,Annual value,,,,,,,45.87,E,Annual,2002-01-01
79,276,Germany,236,Soya beans,2002,Annual value,,,,,,,64.16,E,Annual,2002-01-01
84,300,Greece,236,Soya beans,2002,Annual value,,,,,,,61.47,E,Annual,2002-01-01
95,340,Honduras,236,Soya beans,2002,Annual value,,,,,,,54.67,E,Annual,2002-01-01
97,348,Hungary,236,Soya beans,2002,Annual value,62646,A,62646,A,242.9,A,59.62,E,Annual,2002-01-01
100,356,India,236,Soya beans,2002,Annual value,8850,A,8850,A,182.1,A,37.76,E,Annual,2002-01-01
101,360,Indonesia,236,Soya beans,2002,Annual value,3110249,A,3110249,A,334,A,37.42,E,Annual,2002-01-01
102,364,Iran (Islamic Republic of),236,Soya beans,2002,Annual value,2246800,A,2246800,A,325.3,A,11.7,E,Annual,2002-01-01
106,380,Italy,236,Soya beans,2002,Annual value,223,A,223,A,209.9,A,79.79,E,Annual,2002-01-01
110,392,Japan,236,Soya beans,2002,Annual value,202000,A,202000,A,1611,A,130.78,E,Annual,2002-01-01
108,398,Kazakhstan,236,Soya beans,2002,Annual value,,,,,,,23.04,E,Annual,2002-01-01
113,417,Kyrgyzstan,236,Soya beans,2002,Annual value,,,,,,,77.62,E,Annual,2002-01-01
120,418,Lao People's Democratic Republic,236,Soya beans,2002,Annual value,3260000,A,3260000,A,324.2,A,39.22,E,Annual,2002-01-01
119,428,Latvia,236,Soya beans,2002,Annual value,,,,,,,56.84,E,Annual,2002-01-01
129,450,Madagascar,236,Soya beans,2002,Annual value,,,,,,,101.7,E,Annual,2002-01-01
130,454,Malawi,236,Soya beans,2002,Annual value,47040,A,47040,A,613.4,A,13.83,E,Annual,2002-01-01
131,458,Malaysia,236,Soya beans,2002,Annual value,,,,,,,50.26,E,Annual,2002-01-01
133,466,Mali,236,Soya beans,2002,Annual value,,,,,,,62.15,E,Annual,2002-01-01
138,484,Mexico,236,Soya beans,2002,Annual value,2032,A,2032,A,210.4,A,33.82,E,Annual,2002-01-01
143,504,Morocco,236,Soya beans,2002,Annual value,,,,,,,86.06,E,Annual,2002-01-01
28,104,Myanmar,236,Soya beans,2002,Annual value,229648,A,229648,A,,,37.3,E,Annual,2002-01-01
149,524,Nepal,236,Soya beans,2002,Annual value,28590,A,28590,A,367.1,A,31.31,E,Annual,2002-01-01
157,558,Nicaragua,236,Soya beans,2002,Annual value,2763,A,2763,A,193.9,A,10.87,E,Annual,2002-01-01
159,566,Nigeria,236,Soya beans,2002,Annual value,47750,A,47750,A,396,A,46.57,E,Annual,2002-01-01
154,807,North Macedonia,236,Soya beans,2002,Annual value,,,,,,,77.6,E,Annual,2002-01-01
165,586,Pakistan,236,Soya beans,2002,Annual value,16625,A,16625,A,278.4,A,36.24,E,Annual,2002-01-01
166,591,Panama,236,Soya beans,2002,Annual value,,,,,,,51.07,E,Annual,2002-01-01
169,600,Paraguay,236,Soya beans,2002,Annual value,612000,A,612000,A,107.1,A,32.91,E,Annual,2002-01-01
170,604,Peru,236,Soya beans,2002,Annual value,1120,A,1120,A,318.5,A,47.11,E,Annual,2002-01-01
171,608,Philippines,236,Soya beans,2002,Annual value,11670,A,11670,A,226.1,A,49.61,E,Annual,2002-01-01
117,410,Republic of Korea,236,Soya beans,2002,Annual value,2361075,A,2361075,A,1887.2,A,61.72,E,Annual,2002-01-01
146,498,Republic of Moldova,236,Soya beans,2002,Annual value,,,,,,,19.36,E,Annual,2002-01-01
183,642,Romania,236,Soya beans,2002,Annual value,7122000,A,712.2,A,215.5,A,51.48,E,Annual,2002-01-01
185,643,Russian Federation,236,Soya beans,2002,Annual value,,,,,,,24.27,E,Annual,2002-01-01
184,646,Rwanda,236,Soya beans,2002,Annual value,146000,A,146000,A,307.1,A,31.11,E,Annual,2002-01-01
186,891,Serbia and Montenegro,236,Soya beans,2002,Annual value,13060,A,13060,A,216.4,A,,,Annual,2002-01-01
199,703,Slovakia,236,Soya beans,2002,Annual value,8944,A,296.9,A,197.3,A,89.56,E,Annual,2002-01-01
198,705,Slovenia,236,Soya beans,2002,Annual value,44180,A,184.4,A,183.9,A,59.48,E,Annual,2002-01-01
202,710,South Africa,236,Soya beans,2002,Annual value,2011,A,2011,A,190.8,A,36.61,E,Annual,2002-01-01
203,724,Spain,236,Soya beans,2002,Annual value,187,A,187,A,176,A,39.26,E,Annual,2002-01-01
38,144,Sri Lanka,236,Soya beans,2002,Annual value,43660,A,43660,A,456.4,A,32.47,E,Annual,2002-01-01
207,740,Suriname,236,Soya beans,2002,Annual value,5110000,A,5110,A,2177.5,A,37.48,E,Annual,2002-01-01
211,756,Switzerland,236,Soya beans,2002,Annual value,,,,,,,85.75,E,Annual,2002-01-01
212,760,Syrian Arab Republic,236,Soya beans,2002,Annual value,,,,,,,57.12,E,Annual,2002-01-01
208,762,Tajikistan,236,Soya beans,2002,Annual value,,,,,,,45.97,E,Annual,2002-01-01
216,764,Thailand,236,Soya beans,2002,Annual value,10400,A,10400,A,242.1,A,67.21,E,Annual,2002-01-01
223,792,Türkiye,236,Soya beans,2002,Annual value,337819008,A,337.8,A,224.1,A,29.99,E,Annual,2002-01-01
230,804,Ukraine,236,Soya beans,2002,Annual value,,,,,,,13.74,E,Annual,2002-01-01
215,834,United Republic of Tanzania,236,Soya beans,2002,Annual value,,,,,,,5.13,E,Annual,2002-01-01
231,840,United States of America,236,Soya beans,2002,Annual value,203,A,203,A,203,A,58.11,E,Annual,2002-01-01
234,858,Uruguay,236,Soya beans,2002,Annual value,3372,A,3372,A,158.6,A,32.81,E,Annual,2002-01-01
237,704,Viet Nam,236,Soya beans,2002,Annual value,,,,,,,24.83,E,Annual,2002-01-01
181,716,Zimbabwe,236,Soya beans,2002,Annual value,70000,A,193.4,A,,,34.75,E,Annual,2002-01-01
3,8,Albania,236,Soya beans,2003,Annual value,70000,A,70000,A,574.4,A,78.93,E,Annual,2003-01-01
9,32,Argentina,236,Soya beans,2003,Annual value,521,A,521,A,179.6,A,16.22,E,Annual,2003-01-01
10,36,Australia,236,Soya beans,2003,Annual value,577,A,577,A,374.2,A,102.48,E,Annual,2003-01-01
11,40,Austria,236,Soya beans,2003,Annual value,203,A,203,A,229.1,A,60.96,E,Annual,2003-01-01
52,31,Azerbaijan,236,Soya beans,2003,Annual value,,,,,,,118.02,E,Annual,2003-01-01
23,84,Belize,236,Soya beans,2003,Annual value,750,A,750,A,375,A,92.65,E,Annual,2003-01-01
18,64,Bhutan,236,Soya beans,2003,Annual value,9900,A,9900,A,212.5,A,13.44,E,Annual,2003-01-01
19,68,Bolivia (Plurinational State of),236,Soya beans,2003,Annual value,1190.7,A,1190.7,A,155.5,A,55.97,E,Annual,2003-01-01
80,70,Bosnia and Herzegovina,236,Soya beans,2003,Annual value,460,A,460,A,265.4,A,75.99,E,Annual,2003-01-01
21,76,Brazil,236,Soya beans,2003,Annual value,616.7,A,616.7,A,200.4,A,56.69,E,Annual,2003-01-01
27,100,Bulgaria,236,Soya beans,2003,Annual value,407,A,407,A,234.9,A,42.51,E,Annual,2003-01-01
233,854,Burkina Faso,236,Soya beans,2003,Annual value,81313.7,A,81313.7,A,139.9,A,55.73,E,Annual,2003-01-01
29,108,Burundi,236,Soya beans,2003,Annual value,,,,,,,28.6,E,Annual,2003-01-01
115,116,Cambodia,236,Soya beans,2003,Annual value,1288000,A,1288000,A,324.2,A,32.17,E,Annual,2003-01-01
32,120,Cameroon,236,Soya beans,2003,Annual value,,,,,,,69.99,E,Annual,2003-01-01
33,124,Canada,236,Soya beans,2003,Annual value,327,A,327,A,233.4,A,73.61,E,Annual,2003-01-01
41,156,"China, mainland",236,Soya beans,2003,Annual value,3020,A,3020,A,364.9,A,63.62,E,Annual,2003-01-01
44,170,Colombia,236,Soya beans,2003,Annual value,862648.9,A,862648.9,A,299.8,A,73.24,E,Annual,2003-01-01
107,384,Côte d'Ivoire,236,Soya beans,2003,Annual value,,,,,,,39.76,E,Annual,2003-01-01
98,191,Croatia,236,Soya beans,2003,Annual value,1596,A,211.8,A,238,A,67.67,E,Annual,2003-01-01
167,203,Czechia,236,Soya beans,2003,Annual value,,,,,,,75.22,E,Annual,2003-01-01
58,218,Ecuador,236,Soya beans,2003,Annual value,229,A,229,A,229,A,38.81,E,Annual,2003-01-01
59,818,Egypt,236,Soya beans,2003,Annual value,1150,A,1150,A,196.6,A,26.43,E,Annual,2003-01-01
60,222,El Salvador,236,Soya beans,2003,Annual value,,,,,,,57.12,E,Annual,2003-01-01
238,231,Ethiopia,236,Soya beans,2003,Annual value,1478,A,1478,A,171.9,A,17.88,E,Annual,2003-01-01
68,250,France,236,Soya beans,2003,Annual value,221.2,A,221.2,A,249.7,A,63.22,E,Annual,2003-01-01
73,268,Georgia,236,Soya beans,2003,Annual value,,,,,,,49.01,E,Annual,2003-01-01
79,276,Germany,236,Soya beans,2003,Annual value,,,,,,,67.07,E,Annual,2003-01-01
84,300,Greece,236,Soya beans,2003,Annual value,,,,,,,59.93,E,Annual,2003-01-01
95,340,Honduras,236,Soya beans,2003,Annual value,,,,,,,58.79,E,Annual,2003-01-01
97,348,Hungary,236,Soya beans,2003,Annual value,63214,A,63214,A,281.8,A,60.16,E,Annual,2003-01-01
100,356,India,236,Soya beans,2003,Annual value,9300,A,9300,A,199.6,A,39.68,E,Annual,2003-01-01
101,360,Indonesia,236,Soya beans,2003,Annual value,3278278,A,3278278,A,382.2,A,39.44,E,Annual,2003-01-01
102,364,Iran (Islamic Republic of),236,Soya beans,2003,Annual value,2324900,A,2324900,A,283.7,A,12.1,E,Annual,2003-01-01
106,380,Italy,236,Soya beans,2003,Annual value,262,A,262,A,295.7,A,93.75,E,Annual,2003-01-01
110,392,Japan,236,Soya beans,2003,Annual value,206666.7,A,206666.7,A,1782.6,A,133.8,E,Annual,2003-01-01
108,398,Kazakhstan,236,Soya beans,2003,Annual value,,,,,,,30.34,E,Annual,2003-01-01
113,417,Kyrgyzstan,236,Soya beans,2003,Annual value,,,,,,,80.53,E,Annual,2003-01-01
120,418,Lao People's Democratic Republic,236,Soya beans,2003,Annual value,,,,,,,43.14,E,Annual,2003-01-01
119,428,Latvia,236,Soya beans,2003,Annual value,,,,,,,62.85,E,Annual,2003-01-01
129,450,Madagascar,236,Soya beans,2003,Annual value,,,,,,,112.15,E,Annual,2003-01-01
130,454,Malawi,236,Soya beans,2003,Annual value,47720,A,47720,A,489.8,A,14.03,E,Annual,2003-01-01
131,458,Malaysia,236,Soya beans,2003,Annual value,,,,,,,51.99,E,Annual,2003-01-01
133,466,Mali,236,Soya beans,2003,Annual value,,,,,,,52.54,E,Annual,2003-01-01
138,484,Mexico,236,Soya beans,2003,Annual value,2998.1,A,2998.1,A,277.9,A,49.89,E,Annual,2003-01-01
143,504,Morocco,236,Soya beans,2003,Annual value,,,,,,,91.94,E,Annual,2003-01-01
28,104,Myanmar,236,Soya beans,2003,Annual value,229648,A,229648,A,,,37.3,E,Annual,2003-01-01
149,524,Nepal,236,Soya beans,2003,Annual value,30760,A,30760,A,404,A,33.68,E,Annual,2003-01-01
157,558,Nicaragua,236,Soya beans,2003,Annual value,2772,A,2772,A,183.5,A,10.91,E,Annual,2003-01-01
159,566,Nigeria,236,Soya beans,2003,Annual value,52540,A,52540,A,406.6,A,51.24,E,Annual,2003-01-01
154,807,North Macedonia,236,Soya beans,2003,Annual value,,,,,,,102.28,E,Annual,2003-01-01
165,586,Pakistan,236,Soya beans,2003,Annual value,17725,A,17725,A,306.9,A,38.63,E,Annual,2003-01-01
166,591,Panama,236,Soya beans,2003,Annual value,,,,,,,50.68,E,Annual,2003-01-01
169,600,Paraguay,236,Soya beans,2003,Annual value,1310000,A,1310000,A,203.9,A,70.44,E,Annual,2003-01-01
170,604,Peru,236,Soya beans,2003,Annual value,1120,A,1120,A,322,A,47.11,E,Annual,2003-01-01
171,608,Philippines,236,Soya beans,2003,Annual value,13120,A,13120,A,242.1,A,55.78,E,Annual,2003-01-01
173,616,Poland,236,Soya beans,2003,Annual value,,,,,,,68.68,E,Annual,2003-01-01
117,410,Republic of Korea,236,Soya beans,2003,Annual value,2732150,A,2732150,A,2292.8,A,71.41,E,Annual,2003-01-01
146,498,Republic of Moldova,236,Soya beans,2003,Annual value,,,,,,,20.35,E,Annual,2003-01-01
183,642,Romania,236,Soya beans,2003,Annual value,7056000,A,705.6,A,212.5,A,51.01,E,Annual,2003-01-01
185,643,Russian Federation,236,Soya beans,2003,Annual value,,,,,,,24.59,E,Annual,2003-01-01
184,646,Rwanda,236,Soya beans,2003,Annual value,159026.6,A,159026.6,A,295.8,A,33.89,E,Annual,2003-01-01
186,891,Serbia and Montenegro,236,Soya beans,2003,Annual value,13020,A,13020,A,234.2,A,,,Annual,2003-01-01
199,703,Slovakia,236,Soya beans,2003,Annual value,9115,A,302.6,A,247.9,A,91.28,E,Annual,2003-01-01
198,705,Slovenia,236,Soya beans,2003,Annual value,,,,,,,67.5,E,Annual,2003-01-01
202,710,South Africa,236,Soya beans,2003,Annual value,2487,A,2487,A,328.8,A,45.28,E,Annual,2003-01-01
203,724,Spain,236,Soya beans,2003,Annual value,214,A,214,A,241.5,A,44.93,E,Annual,2003-01-01
38,144,Sri Lanka,236,Soya beans,2003,Annual value,36200,A,36200,A,375,A,26.92,E,Annual,2003-01-01
207,740,Suriname,236,Soya beans,2003,Annual value,5700000,A,5700,A,2191.2,A,41.81,E,Annual,2003-01-01
211,756,Switzerland,236,Soya beans,2003,Annual value,,,,,,,85.64,E,Annual,2003-01-01
212,760,Syrian Arab Republic,236,Soya beans,2003,Annual value,,,,,,,117.81,E,Annual,2003-01-01
208,762,Tajikistan,236,Soya beans,2003,Annual value,,,,,,,40.43,E,Annual,2003-01-01
216,764,Thailand,236,Soya beans,2003,Annual value,10790,A,10790,A,260.1,A,69.73,E,Annual,2003-01-01
223,792,Türkiye,236,Soya beans,2003,Annual value,425022016,A,425,A,283.2,A,37.73,E,Annual,2003-01-01
230,804,Ukraine,236,Soya beans,2003,Annual value,,,,,,,13.95,E,Annual,2003-01-01
215,834,United Republic of Tanzania,236,Soya beans,2003,Annual value,,,,,,,5.35,E,Annual,2003-01-01
231,840,United States of America,236,Soya beans,2003,Annual value,270,A,270,A,270,A,77.29,E,Annual,2003-01-01
234,858,Uruguay,236,Soya beans,2003,Annual value,5540,A,5540,A,196.4,A,53.91,E,Annual,2003-01-01
237,704,Viet Nam,236,Soya beans,2003,Annual value,,,,,,,26.45,E,Annual,2003-01-01
181,716,Zimbabwe,236,Soya beans,2003,Annual value,1000000,A,2763.2,A,,,496.38,E,Annual,2003-01-01
3,8,Albania,236,Soya beans,2004,Annual value,70000,A,70000,A,681.1,A,78.93,E,Annual,2004-01-01
9,32,Argentina,236,Soya beans,2004,Annual value,568,A,568,A,194.3,A,17.69,E,Annual,2004-01-01
10,36,Australia,236,Soya beans,2004,Annual value,464,A,464,A,341.2,A,82.41,E,Annual,2004-01-01
11,40,Austria,236,Soya beans,2004,Annual value,197,A,197,A,244.6,A,59.16,E,Annual,2004-01-01
52,31,Azerbaijan,236,Soya beans,2004,Annual value,3295000,A,659,A,670.6,A,125.6,E,Annual,2004-01-01
23,84,Belize,236,Soya beans,2004,Annual value,,,,,,,95.14,E,Annual,2004-01-01
18,64,Bhutan,236,Soya beans,2004,Annual value,,,,,,,15.6,E,Annual,2004-01-01
19,68,Bolivia (Plurinational State of),236,Soya beans,2004,Annual value,1478,A,1478,A,186.2,A,69.47,E,Annual,2004-01-01
80,70,Bosnia and Herzegovina,236,Soya beans,2004,Annual value,490,A,490,A,311.1,A,80.95,E,Annual,2004-01-01
21,76,Brazil,236,Soya beans,2004,Annual value,660.8,A,660.8,A,225.9,A,60.75,E,Annual,2004-01-01
27,100,Bulgaria,236,Soya beans,2004,Annual value,432,A,432,A,274.3,A,45.12,E,Annual,2004-01-01
233,854,Burkina Faso,236,Soya beans,2004,Annual value,63172.5,A,63172.5,A,119.6,A,43.3,E,Annual,2004-01-01
29,108,Burundi,236,Soya beans,2004,Annual value,,,,,,,33.1,E,Annual,2004-01-01
115,116,Cambodia,236,Soya beans,2004,Annual value,1417000,A,1417000,A,352.8,A,35.4,E,Annual,2004-01-01
32,120,Cameroon,236,Soya beans,2004,Annual value,,,,,,,73.15,E,Annual,2004-01-01
33,124,Canada,236,Soya beans,2004,Annual value,346,A,346,A,265.9,A,77.89,E,Annual,2004-01-01
41,156,"China, mainland",236,Soya beans,2004,Annual value,3750,A,3750,A,453.1,A,79,E,Annual,2004-01-01
44,170,Colombia,236,Soya beans,2004,Annual value,962943.6,A,962943.6,A,366.3,A,81.75,E,Annual,2004-01-01
107,384,Côte d'Ivoire,236,Soya beans,2004,Annual value,,,,,,,35.25,E,Annual,2004-01-01
98,191,Croatia,236,Soya beans,2004,Annual value,1607,A,213.3,A,266.3,A,68.14,E,Annual,2004-01-01
167,203,Czechia,236,Soya beans,2004,Annual value,,,,,,,74.4,E,Annual,2004-01-01
58,218,Ecuador,236,Soya beans,2004,Annual value,242,A,242,A,242,A,41.01,E,Annual,2004-01-01
59,818,Egypt,236,Soya beans,2004,Annual value,1850,A,1850,A,298.6,A,42.52,E,Annual,2004-01-01
60,222,El Salvador,236,Soya beans,2004,Annual value,,,,,,,62.32,E,Annual,2004-01-01
238,231,Ethiopia,236,Soya beans,2004,Annual value,1653,A,1653,A,191.4,A,20,E,Annual,2004-01-01
68,250,France,236,Soya beans,2004,Annual value,208,A,208,A,258.3,A,59.45,E,Annual,2004-01-01
73,268,Georgia,236,Soya beans,2004,Annual value,,,,,,,58.02,E,Annual,2004-01-01
79,276,Germany,236,Soya beans,2004,Annual value,,,,,,,73.2,E,Annual,2004-01-01
84,300,Greece,236,Soya beans,2004,Annual value,,,,,,,66.59,E,Annual,2004-01-01
95,340,Honduras,236,Soya beans,2004,Annual value,,,,,,,63.54,E,Annual,2004-01-01
97,348,Hungary,236,Soya beans,2004,Annual value,62767,A,62767,A,309.6,A,59.73,E,Annual,2004-01-01
100,356,India,236,Soya beans,2004,Annual value,10000,A,10000,A,220.7,A,42.67,E,Annual,2004-01-01
101,360,Indonesia,236,Soya beans,2004,Annual value,3499490,A,3499490,A,391.5,A,42.1,E,Annual,2004-01-01
102,364,Iran (Islamic Republic of),236,Soya beans,2004,Annual value,2431300,A,2431300,A,282.3,A,12.66,E,Annual,2004-01-01
106,380,Italy,236,Soya beans,2004,Annual value,207,A,207,A,257,A,74.07,E,Annual,2004-01-01
110,392,Japan,236,Soya beans,2004,Annual value,282833.3,A,282833.3,A,2614.2,A,183.11,E,Annual,2004-01-01
108,398,Kazakhstan,236,Soya beans,2004,Annual value,,,,,,,31.54,E,Annual,2004-01-01
113,417,Kyrgyzstan,236,Soya beans,2004,Annual value,,,,,,,79.21,E,Annual,2004-01-01
120,418,Lao People's Democratic Republic,236,Soya beans,2004,Annual value,,,,,,,46.41,E,Annual,2004-01-01
119,428,Latvia,236,Soya beans,2004,Annual value,,,,,,,60.72,E,Annual,2004-01-01
129,450,Madagascar,236,Soya beans,2004,Annual value,,,,,,,113.78,E,Annual,2004-01-01
130,454,Malawi,236,Soya beans,2004,Annual value,49710,A,49710,A,456.5,A,14.62,E,Annual,2004-01-01
131,458,Malaysia,236,Soya beans,2004,Annual value,,,,,,,56.01,E,Annual,2004-01-01
133,466,Mali,236,Soya beans,2004,Annual value,,,,,,,79.94,E,Annual,2004-01-01
138,484,Mexico,236,Soya beans,2004,Annual value,2719.2,A,2719.2,A,240.9,A,45.25,E,Annual,2004-01-01
143,504,Morocco,236,Soya beans,2004,Annual value,,,,,,,95.01,E,Annual,2004-01-01
28,104,Myanmar,236,Soya beans,2004,Annual value,229648,A,229648,A,,,37.3,E,Annual,2004-01-01
149,524,Nepal,236,Soya beans,2004,Annual value,30989,A,30989,A,420.6,A,33.93,E,Annual,2004-01-01
157,558,Nicaragua,236,Soya beans,2004,Annual value,3253,A,3253,A,204.1,A,12.8,E,Annual,2004-01-01
159,566,Nigeria,236,Soya beans,2004,Annual value,63340,A,63340,A,476.6,A,61.77,E,Annual,2004-01-01
154,807,North Macedonia,236,Soya beans,2004,Annual value,,,,,,,111.01,E,Annual,2004-01-01
165,586,Pakistan,236,Soya beans,2004,Annual value,18000,A,18000,A,309,A,39.23,E,Annual,2004-01-01
166,591,Panama,236,Soya beans,2004,Annual value,,,,,,,50.68,E,Annual,2004-01-01
169,600,Paraguay,236,Soya beans,2004,Annual value,1315000,A,1315000,A,220.1,A,70.71,E,Annual,2004-01-01
170,604,Peru,236,Soya beans,2004,Annual value,1030,A,1030,A,301.8,A,43.33,E,Annual,2004-01-01
171,608,Philippines,236,Soya beans,2004,Annual value,20160,A,20160,A,359.7,A,85.7,E,Annual,2004-01-01
173,616,Poland,236,Soya beans,2004,Annual value,,,,,,,58.42,E,Annual,2004-01-01
117,410,Republic of Korea,236,Soya beans,2004,Annual value,3112406.3,A,3112406.3,A,2717.5,A,81.35,E,Annual,2004-01-01
146,498,Republic of Moldova,236,Soya beans,2004,Annual value,,,,,,,21.64,E,Annual,2004-01-01
183,642,Romania,236,Soya beans,2004,Annual value,7889000,A,788.9,A,241.7,A,57.03,E,Annual,2004-01-01
185,643,Russian Federation,236,Soya beans,2004,Annual value,6379,A,6379,A,221.4,A,32.18,E,Annual,2004-01-01
184,646,Rwanda,236,Soya beans,2004,Annual value,,,,,,,40.5,E,Annual,2004-01-01
186,891,Serbia and Montenegro,236,Soya beans,2004,Annual value,12300,A,12300,A,210,A,,,Annual,2004-01-01
199,703,Slovakia,236,Soya beans,2004,Annual value,9168,A,304.3,A,284.2,A,91.81,E,Annual,2004-01-01
198,705,Slovenia,236,Soya beans,2004,Annual value,,,,,,,62.35,E,Annual,2004-01-01
202,710,South Africa,236,Soya beans,2004,Annual value,2134,A,2134,A,330.4,A,38.85,E,Annual,2004-01-01
203,724,Spain,236,Soya beans,2004,Annual value,236,A,236,A,293,A,49.55,E,Annual,2004-01-01
38,144,Sri Lanka,236,Soya beans,2004,Annual value,32000,A,32000,A,316.2,A,23.8,E,Annual,2004-01-01
207,740,Suriname,236,Soya beans,2004,Annual value,5250,A,5250,A,1920.6,A,38.51,E,Annual,2004-01-01
211,756,Switzerland,236,Soya beans,2004,Annual value,,,,,,,91.99,E,Annual,2004-01-01
212,760,Syrian Arab Republic,236,Soya beans,2004,Annual value,,,,,,,81.67,E,Annual,2004-01-01
208,762,Tajikistan,236,Soya beans,2004,Annual value,,,,,,,32.89,E,Annual,2004-01-01
216,764,Thailand,236,Soya beans,2004,Annual value,10880,A,10880,A,270.5,A,70.31,E,Annual,2004-01-01
223,792,Türkiye,236,Soya beans,2004,Annual value,476366000,A,476.4,A,334.2,A,42.29,E,Annual,2004-01-01
230,804,Ukraine,236,Soya beans,2004,Annual value,,,,,,,18.74,E,Annual,2004-01-01
215,834,United Republic of Tanzania,236,Soya beans,2004,Annual value,,,,,,,5.69,E,Annual,2004-01-01
231,840,United States of America,236,Soya beans,2004,Annual value,211,A,211,A,211,A,60.4,E,Annual,2004-01-01
234,858,Uruguay,236,Soya beans,2004,Annual value,5774.5,A,5774.5,A,201.2,A,56.19,E,Annual,2004-01-01
237,704,Viet Nam,236,Soya beans,2004,Annual value,,,,,,,28.74,E,Annual,2004-01-01
181,716,Zimbabwe,236,Soya beans,2004,Annual value,,,,,,,2789.45,E,Annual,2004-01-01
3,8,Albania,236,Soya beans,2005,Annual value,70000,A,70000,A,700.9,A,78.93,E,Annual,2005-01-01
9,32,Argentina,236,Soya beans,2005,Annual value,495,A,495,A,170.5,A,15.42,E,Annual,2005-01-01
10,36,Australia,236,Soya beans,2005,Annual value,379,A,379,A,289.4,A,67.31,E,Annual,2005-01-01
11,40,Austria,236,Soya beans,2005,Annual value,197,A,197,A,245,A,59.16,E,Annual,2005-01-01
52,31,Azerbaijan,236,Soya beans,2005,Annual value,3205000,A,641,A,678,A,122.17,E,Annual,2005-01-01
16,50,Bangladesh,236,Soya beans,2005,Annual value,,,,,,,34.27,E,Annual,2005-01-01
23,84,Belize,236,Soya beans,2005,Annual value,,,,,,,94.18,E,Annual,2005-01-01
18,64,Bhutan,236,Soya beans,2005,Annual value,,,,,,,13.98,E,Annual,2005-01-01
19,68,Bolivia (Plurinational State of),236,Soya beans,2005,Annual value,1336,A,1336,A,165.6,A,62.8,E,Annual,2005-01-01
80,70,Bosnia and Herzegovina,236,Soya beans,2005,Annual value,420,A,420,A,267.1,A,69.38,E,Annual,2005-01-01
21,76,Brazil,236,Soya beans,2005,Annual value,484.2,A,484.2,A,198.9,A,44.51,E,Annual,2005-01-01
27,100,Bulgaria,236,Soya beans,2005,Annual value,402,A,402,A,255.4,A,41.99,E,Annual,2005-01-01
233,854,Burkina Faso,236,Soya beans,2005,Annual value,61000,A,61000,A,115.6,A,41.81,E,Annual,2005-01-01
29,108,Burundi,236,Soya beans,2005,Annual value,,,,,,,37.88,E,Annual,2005-01-01
115,116,Cambodia,236,Soya beans,2005,Annual value,1260000,A,1260000,A,307.9,A,31.48,E,Annual,2005-01-01
32,120,Cameroon,236,Soya beans,2005,Annual value,,,,,,,75.19,E,Annual,2005-01-01
33,124,Canada,236,Soya beans,2005,Annual value,275,A,275,A,226.9,A,61.9,E,Annual,2005-01-01
41,156,"China, mainland",236,Soya beans,2005,Annual value,3290,A,3290,A,401.5,A,69.31,E,Annual,2005-01-01
44,170,Colombia,236,Soya beans,2005,Annual value,828009.7,A,828009.7,A,356.8,A,70.3,E,Annual,2005-01-01
107,384,Côte d'Ivoire,236,Soya beans,2005,Annual value,,,,,,,33.69,E,Annual,2005-01-01
98,191,Croatia,236,Soya beans,2005,Annual value,1547,A,205.3,A,260,A,65.6,E,Annual,2005-01-01
167,203,Czechia,236,Soya beans,2005,Annual value,,,,,,,58.45,E,Annual,2005-01-01
58,218,Ecuador,236,Soya beans,2005,Annual value,188,A,188,A,188,A,31.86,E,Annual,2005-01-01
59,818,Egypt,236,Soya beans,2005,Annual value,1850,A,1850,A,320.1,A,42.52,E,Annual,2005-01-01
60,222,El Salvador,236,Soya beans,2005,Annual value,,,,,,,71,E,Annual,2005-01-01
238,231,Ethiopia,236,Soya beans,2005,Annual value,1490,A,1490,A,171.9,A,18.02,E,Annual,2005-01-01
68,250,France,236,Soya beans,2005,Annual value,211.2,A,211.2,A,262.6,A,60.36,E,Annual,2005-01-01
73,268,Georgia,236,Soya beans,2005,Annual value,,,,,,,58.37,E,Annual,2005-01-01
79,276,Germany,236,Soya beans,2005,Annual value,,,,,,,55.12,E,Annual,2005-01-01
84,300,Greece,236,Soya beans,2005,Annual value,,,,,,,64.03,E,Annual,2005-01-01
95,340,Honduras,236,Soya beans,2005,Annual value,,,,,,,68.29,E,Annual,2005-01-01
97,348,Hungary,236,Soya beans,2005,Annual value,52975,A,52975,A,265.4,A,50.41,E,Annual,2005-01-01
100,356,India,236,Soya beans,2005,Annual value,10100,A,10100,A,229,A,43.1,E,Annual,2005-01-01
101,360,Indonesia,236,Soya beans,2005,Annual value,3893734,A,3893734,A,401.2,A,46.84,E,Annual,2005-01-01
102,364,Iran (Islamic Republic of),236,Soya beans,2005,Annual value,2597100,A,2597100,A,289.7,A,13.52,E,Annual,2005-01-01
106,380,Italy,236,Soya beans,2005,Annual value,176,A,176,A,218.9,A,62.98,E,Annual,2005-01-01
110,392,Japan,236,Soya beans,2005,Annual value,308333.3,A,308333.3,A,2797.5,A,199.62,E,Annual,2005-01-01
108,398,Kazakhstan,236,Soya beans,2005,Annual value,,,,,,,31.67,E,Annual,2005-01-01
113,417,Kyrgyzstan,236,Soya beans,2005,Annual value,,,,,,,87.55,E,Annual,2005-01-01
120,418,Lao People's Democratic Republic,236,Soya beans,2005,Annual value,,,,,,,49.04,E,Annual,2005-01-01
119,428,Latvia,236,Soya beans,2005,Annual value,,,,,,,56.22,E,Annual,2005-01-01
129,450,Madagascar,236,Soya beans,2005,Annual value,,,,,,,96.47,E,Annual,2005-01-01
130,454,Malawi,236,Soya beans,2005,Annual value,65000,A,65000,A,548.9,A,19.11,E,Annual,2005-01-01
131,458,Malaysia,236,Soya beans,2005,Annual value,,,,,,,55.98,E,Annual,2005-01-01
133,466,Mali,236,Soya beans,2005,Annual value,,,,,,,85.14,E,Annual,2005-01-01
138,484,Mexico,236,Soya beans,2005,Annual value,2296,A,2296,A,210.7,A,38.21,E,Annual,2005-01-01
143,504,Morocco,236,Soya beans,2005,Annual value,,,,,,,101.52,E,Annual,2005-01-01
28,104,Myanmar,236,Soya beans,2005,Annual value,254756,A,254756,A,,,41.37,E,Annual,2005-01-01
149,524,Nepal,236,Soya beans,2005,Annual value,30888,A,30888,A,432.8,A,33.82,E,Annual,2005-01-01
157,558,Nicaragua,236,Soya beans,2005,Annual value,3520,A,3520,A,210.4,A,13.85,E,Annual,2005-01-01
159,566,Nigeria,236,Soya beans,2005,Annual value,69770,A,69770,A,531.5,A,68.04,E,Annual,2005-01-01
154,807,North Macedonia,236,Soya beans,2005,Annual value,,,,,,,114.64,E,Annual,2005-01-01
165,586,Pakistan,236,Soya beans,2005,Annual value,20000,A,20000,A,336.1,A,43.59,E,Annual,2005-01-01
166,591,Panama,236,Soya beans,2005,Annual value,,,,,,,48.22,E,Annual,2005-01-01
169,600,Paraguay,236,Soya beans,2005,Annual value,1050000,A,1050000,A,170,A,56.46,E,Annual,2005-01-01
170,604,Peru,236,Soya beans,2005,Annual value,1240,A,1240,A,376.2,A,52.16,E,Annual,2005-01-01
171,608,Philippines,236,Soya beans,2005,Annual value,,,,,,,94.8,E,Annual,2005-01-01
173,616,Poland,236,Soya beans,2005,Annual value,,,,,,,52.21,E,Annual,2005-01-01
117,410,Republic of Korea,236,Soya beans,2005,Annual value,2611931.3,A,2611931.3,A,2550.4,A,68.27,E,Annual,2005-01-01
146,498,Republic of Moldova,236,Soya beans,2005,Annual value,,,,,,,23.52,E,Annual,2005-01-01
183,642,Romania,236,Soya beans,2005,Annual value,630,A,630,A,216.2,A,45.54,E,Annual,2005-01-01
185,643,Russian Federation,236,Soya beans,2005,Annual value,6473,A,6473,A,228.9,A,32.66,E,Annual,2005-01-01
184,646,Rwanda,236,Soya beans,2005,Annual value,,,,,,,46.09,E,Annual,2005-01-01
186,891,Serbia and Montenegro,236,Soya beans,2005,Annual value,16670,A,16670,A,230.2,A,,,Annual,2005-01-01
199,703,Slovakia,236,Soya beans,2005,Annual value,8875,A,294.6,A,286.1,A,88.87,E,Annual,2005-01-01
198,705,Slovenia,236,Soya beans,2005,Annual value,,,,,,,55.9,E,Annual,2005-01-01
202,710,South Africa,236,Soya beans,2005,Annual value,1274,A,1274,A,200.3,A,23.19,E,Annual,2005-01-01
203,724,Spain,236,Soya beans,2005,Annual value,216,A,216,A,268.6,A,45.35,E,Annual,2005-01-01
38,144,Sri Lanka,236,Soya beans,2005,Annual value,39670,A,39670,A,394.7,A,29.5,E,Annual,2005-01-01
207,740,Suriname,236,Soya beans,2005,Annual value,4000,A,4000,A,1464.3,A,29.34,E,Annual,2005-01-01
211,756,Switzerland,236,Soya beans,2005,Annual value,,,,,,,85.19,E,Annual,2005-01-01
212,760,Syrian Arab Republic,236,Soya beans,2005,Annual value,,,,,,,83.38,E,Annual,2005-01-01
208,762,Tajikistan,236,Soya beans,2005,Annual value,,,,,,,64.42,E,Annual,2005-01-01
216,764,Thailand,236,Soya beans,2005,Annual value,10150,A,10150,A,252.4,A,65.6,E,Annual,2005-01-01
223,792,Türkiye,236,Soya beans,2005,Annual value,480,A,480,A,357.3,A,42.61,E,Annual,2005-01-01
230,804,Ukraine,236,Soya beans,2005,Annual value,,,,,,,15.92,E,Annual,2005-01-01
215,834,United Republic of Tanzania,236,Soya beans,2005,Annual value,,,,,,,5.65,E,Annual,2005-01-01
231,840,United States of America,236,Soya beans,2005,Annual value,208,A,208,A,208,A,59.54,E,Annual,2005-01-01
234,858,Uruguay,236,Soya beans,2005,Annual value,4583.2,A,4583.2,A,187.2,A,44.6,E,Annual,2005-01-01
236,862,Venezuela (Bolivarian Republic of),236,Soya beans,2005,Annual value,580000,A,580,A,277.5,A,,,Annual,2005-01-01
237,704,Viet Nam,236,Soya beans,2005,Annual value,,,,,,,30.42,E,Annual,2005-01-01
251,894,Zambia,236,Soya beans,2005,Annual value,1525000,A,1525,A,341.7,A,114.9,E,Annual,2005-01-01
181,716,Zimbabwe,236,Soya beans,2005,Annual value,,,,,,,13384.39,E,Annual,2005-01-01
3,8,Albania,236,Soya beans,2006,Annual value,70000,A,70000,A,713.5,A,78.93,E,Annual,2006-01-01
9,32,Argentina,236,Soya beans,2006,Annual value,539.1,A,539.1,A,176.5,A,16.79,E,Annual,2006-01-01
10,36,Australia,236,Soya beans,2006,Annual value,356,A,356,A,268.1,A,63.23,E,Annual,2006-01-01
11,40,Austria,236,Soya beans,2006,Annual value,184,A,184,A,230.8,A,55.26,E,Annual,2006-01-01
52,31,Azerbaijan,236,Soya beans,2006,Annual value,345,A,345,A,386.2,A,65.75,E,Annual,2006-01-01
16,50,Bangladesh,236,Soya beans,2006,Annual value,21940,A,21940,A,318.3,A,61.83,E,Annual,2006-01-01
23,84,Belize,236,Soya beans,2006,Annual value,,,,,,,93.72,E,Annual,2006-01-01
18,64,Bhutan,236,Soya beans,2006,Annual value,,,,,,,13.68,E,Annual,2006-01-01
19,68,Bolivia (Plurinational State of),236,Soya beans,2006,Annual value,1297.6,A,1297.6,A,162,A,60.99,E,Annual,2006-01-01
80,70,Bosnia and Herzegovina,236,Soya beans,2006,Annual value,420,A,420,A,269.4,A,69.38,E,Annual,2006-01-01
21,76,Brazil,236,Soya beans,2006,Annual value,420,A,420,A,193.1,A,38.61,E,Annual,2006-01-01
27,100,Bulgaria,236,Soya beans,2006,Annual value,469,A,469,A,300.8,A,48.98,E,Annual,2006-01-01
233,854,Burkina Faso,236,Soya beans,2006,Annual value,144646.6,A,144646.6,A,276.6,A,99.13,E,Annual,2006-01-01
29,108,Burundi,236,Soya beans,2006,Annual value,,,,,,,50.15,E,Annual,2006-01-01
115,116,Cambodia,236,Soya beans,2006,Annual value,1250000,A,1250000,A,304.6,A,31.23,E,Annual,2006-01-01
32,120,Cameroon,236,Soya beans,2006,Annual value,,,,,,,80.29,E,Annual,2006-01-01
33,124,Canada,236,Soya beans,2006,Annual value,304.2,A,304.2,A,268.2,A,68.48,E,Annual,2006-01-01
41,156,"China, mainland",236,Soya beans,2006,Annual value,3290,A,3290,A,412.6,A,69.31,E,Annual,2006-01-01
44,170,Colombia,236,Soya beans,2006,Annual value,854808.4,A,854808.4,A,362,A,72.57,E,Annual,2006-01-01
107,384,Côte d'Ivoire,236,Soya beans,2006,Annual value,,,,,,,34.01,E,Annual,2006-01-01
98,191,Croatia,236,Soya beans,2006,Annual value,1541,A,204.5,A,264,A,65.34,E,Annual,2006-01-01
167,203,Czechia,236,Soya beans,2006,Annual value,,,,,,,66.22,E,Annual,2006-01-01
58,218,Ecuador,236,Soya beans,2006,Annual value,271.9,A,271.9,A,271.9,A,46.08,E,Annual,2006-01-01
59,818,Egypt,236,Soya beans,2006,Annual value,1908,A,1908,A,332.8,A,43.85,E,Annual,2006-01-01
60,222,El Salvador,236,Soya beans,2006,Annual value,,,,,,,73.3,E,Annual,2006-01-01
238,231,Ethiopia,236,Soya beans,2006,Annual value,2900,A,2900,A,333.4,A,35.08,E,Annual,2006-01-01
68,250,France,236,Soya beans,2006,Annual value,215.5,A,215.5,A,270.3,A,61.59,E,Annual,2006-01-01
73,268,Georgia,236,Soya beans,2006,Annual value,572.9,A,572.9,A,321.8,A,60.74,E,Annual,2006-01-01
79,276,Germany,236,Soya beans,2006,Annual value,,,,,,,67.95,E,Annual,2006-01-01
84,300,Greece,236,Soya beans,2006,Annual value,,,,,,,57.76,E,Annual,2006-01-01
95,340,Honduras,236,Soya beans,2006,Annual value,,,,,,,71.11,E,Annual,2006-01-01
97,348,Hungary,236,Soya beans,2006,Annual value,51841,A,51841,A,246.4,A,49.33,E,Annual,2006-01-01
100,356,India,236,Soya beans,2006,Annual value,10200,A,10200,A,225.1,A,43.52,E,Annual,2006-01-01
101,360,Indonesia,236,Soya beans,2006,Annual value,3730961,A,3730961,A,407.3,A,44.88,E,Annual,2006-01-01
102,364,Iran (Islamic Republic of),236,Soya beans,2006,Annual value,2911760,A,2911760,A,317.5,A,15.16,E,Annual,2006-01-01
106,380,Italy,236,Soya beans,2006,Annual value,170.5,A,170.5,A,213.9,A,61.01,E,Annual,2006-01-01
110,392,Japan,236,Soya beans,2006,Annual value,241000,A,241000,A,2072.2,A,156.03,E,Annual,2006-01-01
108,398,Kazakhstan,236,Soya beans,2006,Annual value,30603,A,30603,A,242.7,A,42.98,E,Annual,2006-01-01
113,417,Kyrgyzstan,236,Soya beans,2006,Annual value,,,,,,,99.85,E,Annual,2006-01-01
120,418,Lao People's Democratic Republic,236,Soya beans,2006,Annual value,,,,,,,57.92,E,Annual,2006-01-01
119,428,Latvia,236,Soya beans,2006,Annual value,,,,,,,72.47,E,Annual,2006-01-01
129,450,Madagascar,236,Soya beans,2006,Annual value,,,,,,,95.72,E,Annual,2006-01-01
130,454,Malawi,236,Soya beans,2006,Annual value,80000,A,80000,A,588.2,A,23.52,E,Annual,2006-01-01
131,458,Malaysia,236,Soya beans,2006,Annual value,,,,,,,62.48,E,Annual,2006-01-01
133,466,Mali,236,Soya beans,2006,Annual value,,,,,,,72.43,E,Annual,2006-01-01
138,484,Mexico,236,Soya beans,2006,Annual value,2606.7,A,2606.7,A,239.2,A,43.38,E,Annual,2006-01-01
143,504,Morocco,236,Soya beans,2006,Annual value,,,,,,,104.66,E,Annual,2006-01-01
28,104,Myanmar,236,Soya beans,2006,Annual value,411530,A,411530,A,,,66.83,E,Annual,2006-01-01
149,524,Nepal,236,Soya beans,2006,Annual value,33013,A,33013,A,453.8,A,36.15,E,Annual,2006-01-01
157,558,Nicaragua,236,Soya beans,2006,Annual value,4908.9,A,4908.9,A,279.4,A,19.32,E,Annual,2006-01-01
159,566,Nigeria,236,Soya beans,2006,Annual value,66987,A,66987,A,520.7,A,65.33,E,Annual,2006-01-01
154,807,North Macedonia,236,Soya beans,2006,Annual value,,,,,,,119.77,E,Annual,2006-01-01
165,586,Pakistan,236,Soya beans,2006,Annual value,24000,A,24000,A,398.2,A,52.31,E,Annual,2006-01-01
166,591,Panama,236,Soya beans,2006,Annual value,,,,,,,51.36,E,Annual,2006-01-01
169,600,Paraguay,236,Soya beans,2006,Annual value,989000,A,989000,A,175.5,A,53.18,E,Annual,2006-01-01
170,604,Peru,236,Soya beans,2006,Annual value,1110,A,1110,A,339,A,46.69,E,Annual,2006-01-01
171,608,Philippines,236,Soya beans,2006,Annual value,,,,,,,86.77,E,Annual,2006-01-01
173,616,Poland,236,Soya beans,2006,Annual value,,,,,,,63.08,E,Annual,2006-01-01
117,410,Republic of Korea,236,Soya beans,2006,Annual value,5621021,A,5621021,A,5887.2,A,146.93,E,Annual,2006-01-01
146,498,Republic of Moldova,236,Soya beans,2006,Annual value,,,,,,,22.45,E,Annual,2006-01-01
183,642,Romania,236,Soya beans,2006,Annual value,570,A,570,A,202.9,A,41.2,E,Annual,2006-01-01
185,643,Russian Federation,236,Soya beans,2006,Annual value,6084,A,6084,A,223.8,A,30.69,E,Annual,2006-01-01
184,646,Rwanda,236,Soya beans,2006,Annual value,238014.3,A,238014.3,A,431.4,A,50.72,E,Annual,2006-01-01
272,688,Serbia,236,Soya beans,2006,Annual value,15920,A,15920,A,237.1,A,41.95,E,Annual,2006-01-01
199,703,Slovakia,236,Soya beans,2006,Annual value,7840,A,260.2,A,264,A,78.51,E,Annual,2006-01-01
198,705,Slovenia,236,Soya beans,2006,Annual value,50190,A,209.5,A,262.7,A,67.57,E,Annual,2006-01-01
202,710,South Africa,236,Soya beans,2006,Annual value,1467,A,1467,A,216.6,A,26.71,E,Annual,2006-01-01
203,724,Spain,236,Soya beans,2006,Annual value,213.7,A,213.7,A,268.1,A,44.86,E,Annual,2006-01-01
38,144,Sri Lanka,236,Soya beans,2006,Annual value,43940,A,43940,A,422.8,A,32.67,E,Annual,2006-01-01
207,740,Suriname,236,Soya beans,2006,Annual value,3710,A,3710,A,1352.2,A,27.21,E,Annual,2006-01-01
211,756,Switzerland,236,Soya beans,2006,Annual value,,,,,,,85.75,E,Annual,2006-01-01
212,760,Syrian Arab Republic,236,Soya beans,2006,Annual value,,,,,,,85.09,E,Annual,2006-01-01
208,762,Tajikistan,236,Soya beans,2006,Annual value,,,,,,,71.38,E,Annual,2006-01-01
216,764,Thailand,236,Soya beans,2006,Annual value,10720,A,10720,A,283,A,69.28,E,Annual,2006-01-01
223,792,Türkiye,236,Soya beans,2006,Annual value,490,A,490,A,343,A,43.5,E,Annual,2006-01-01
230,804,Ukraine,236,Soya beans,2006,Annual value,1070,A,1070,A,211.9,A,15.29,E,Annual,2006-01-01
215,834,United Republic of Tanzania,236,Soya beans,2006,Annual value,,,,,,,5.35,E,Annual,2006-01-01
231,840,United States of America,236,Soya beans,2006,Annual value,236,A,236,A,236,A,67.56,E,Annual,2006-01-01
234,858,Uruguay,236,Soya beans,2006,Annual value,4984.3,A,4984.3,A,207,A,48.5,E,Annual,2006-01-01
237,704,Viet Nam,236,Soya beans,2006,Annual value,,,,,,,31.54,E,Annual,2006-01-01
251,894,Zambia,236,Soya beans,2006,Annual value,1041000,A,1041,A,288.9,A,78.43,E,Annual,2006-01-01
181,716,Zimbabwe,236,Soya beans,2006,Annual value,,,,,,,186355.37,E,Annual,2006-01-01
3,8,Albania,236,Soya beans,2007,Annual value,70200,A,70200,A,776.3,A,79.15,E,Annual,2007-01-01
9,32,Argentina,236,Soya beans,2007,Annual value,668.7,A,668.7,A,216,A,20.82,E,Annual,2007-01-01
10,36,Australia,236,Soya beans,2007,Annual value,416,A,416,A,348.1,A,73.89,E,Annual,2007-01-01
11,40,Austria,236,Soya beans,2007,Annual value,227,A,227,A,310.7,A,68.17,E,Annual,2007-01-01
52,31,Azerbaijan,236,Soya beans,2007,Annual value,355,A,355,A,413.7,A,67.66,E,Annual,2007-01-01
16,50,Bangladesh,236,Soya beans,2007,Annual value,24500,A,24500,A,355.7,A,69.04,E,Annual,2007-01-01
23,84,Belize,236,Soya beans,2007,Annual value,,,,,,,93.72,E,Annual,2007-01-01
18,64,Bhutan,236,Soya beans,2007,Annual value,,,,,,,19.55,E,Annual,2007-01-01
19,68,Bolivia (Plurinational State of),236,Soya beans,2007,Annual value,1679.4,A,1679.4,A,213.9,A,78.94,E,Annual,2007-01-01
80,70,Bosnia and Herzegovina,236,Soya beans,2007,Annual value,570,A,570,A,398.9,A,94.16,E,Annual,2007-01-01
21,76,Brazil,236,Soya beans,2007,Annual value,507.5,A,507.5,A,260.6,A,46.65,E,Annual,2007-01-01
27,100,Bulgaria,236,Soya beans,2007,Annual value,480,A,480,A,335.9,A,50.13,E,Annual,2007-01-01
233,854,Burkina Faso,236,Soya beans,2007,Annual value,116000.2,A,116000.2,A,242,A,79.5,E,Annual,2007-01-01
29,108,Burundi,236,Soya beans,2007,Annual value,,,,,,,56.45,E,Annual,2007-01-01
115,116,Cambodia,236,Soya beans,2007,Annual value,1900000,A,1900000,A,468.4,A,47.46,E,Annual,2007-01-01
32,120,Cameroon,236,Soya beans,2007,Annual value,,,,,,,94.07,E,Annual,2007-01-01
33,124,Canada,236,Soya beans,2007,Annual value,304.2,A,304.2,A,283.2,A,68.48,E,Annual,2007-01-01
41,156,"China, mainland",236,Soya beans,2007,Annual value,4200.2,A,4200.2,A,552.1,A,88.49,E,Annual,2007-01-01
44,170,Colombia,236,Soya beans,2007,Annual value,983050.5,A,983050.5,A,473,A,83.46,E,Annual,2007-01-01
107,384,Côte d'Ivoire,236,Soya beans,2007,Annual value,,,,,,,38.13,E,Annual,2007-01-01
98,191,Croatia,236,Soya beans,2007,Annual value,2423,A,321.6,A,451.7,A,102.74,E,Annual,2007-01-01
167,203,Czechia,236,Soya beans,2007,Annual value,,,,,,,78.44,E,Annual,2007-01-01
58,218,Ecuador,236,Soya beans,2007,Annual value,358.7,A,358.7,A,358.7,A,60.79,E,Annual,2007-01-01
59,818,Egypt,236,Soya beans,2007,Annual value,1953,A,1953,A,346.6,A,44.89,E,Annual,2007-01-01
60,222,El Salvador,236,Soya beans,2007,Annual value,,,,,,,80.73,E,Annual,2007-01-01
238,231,Ethiopia,236,Soya beans,2007,Annual value,2840,A,2840,A,316.8,A,34.35,E,Annual,2007-01-01
68,250,France,236,Soya beans,2007,Annual value,347.5,A,347.5,A,475.6,A,99.32,E,Annual,2007-01-01
73,268,Georgia,236,Soya beans,2007,Annual value,809.6,A,809.6,A,484.6,A,85.83,E,Annual,2007-01-01
79,276,Germany,236,Soya beans,2007,Annual value,,,,,,,83.4,E,Annual,2007-01-01
84,300,Greece,236,Soya beans,2007,Annual value,,,,,,,80.04,E,Annual,2007-01-01
95,340,Honduras,236,Soya beans,2007,Annual value,,,,,,,79.49,E,Annual,2007-01-01
97,348,Hungary,236,Soya beans,2007,Annual value,68262,A,68262,A,371.7,A,64.96,E,Annual,2007-01-01
100,356,India,236,Soya beans,2007,Annual value,10741.9,A,10741.9,A,259.8,A,45.84,E,Annual,2007-01-01
101,360,Indonesia,236,Soya beans,2007,Annual value,4300021,A,4300021,A,470.4,A,51.73,E,Annual,2007-01-01
102,364,Iran (Islamic Republic of),236,Soya beans,2007,Annual value,4368500,A,4368500,A,470.7,A,22.74,E,Annual,2007-01-01
106,380,Italy,236,Soya beans,2007,Annual value,212.9,A,212.9,A,291.4,A,76.18,E,Annual,2007-01-01
110,392,Japan,236,Soya beans,2007,Annual value,213333.3,A,213333.3,A,1811.7,A,138.11,E,Annual,2007-01-01
108,398,Kazakhstan,236,Soya beans,2007,Annual value,31571,A,31571,A,257.6,A,44.34,E,Annual,2007-01-01
113,417,Kyrgyzstan,236,Soya beans,2007,Annual value,,,,,,,123.57,E,Annual,2007-01-01
120,418,Lao People's Democratic Republic,236,Soya beans,2007,Annual value,,,,,,,67.44,E,Annual,2007-01-01
119,428,Latvia,236,Soya beans,2007,Annual value,,,,,,,84.17,E,Annual,2007-01-01
129,450,Madagascar,236,Soya beans,2007,Annual value,,,,,,,96.2,E,Annual,2007-01-01
130,454,Malawi,236,Soya beans,2007,Annual value,78000,A,78000,A,557.3,A,22.94,E,Annual,2007-01-01
131,458,Malaysia,236,Soya beans,2007,Annual value,,,,,,,85.04,E,Annual,2007-01-01
133,466,Mali,236,Soya beans,2007,Annual value,,,,,,,90.36,E,Annual,2007-01-01
138,484,Mexico,236,Soya beans,2007,Annual value,3642.1,A,3642.1,A,333.3,A,60.61,E,Annual,2007-01-01
143,504,Morocco,236,Soya beans,2007,Annual value,,,,,,,120.94,E,Annual,2007-01-01
28,104,Myanmar,236,Soya beans,2007,Annual value,,,,,,,73.46,E,Annual,2007-01-01
149,524,Nepal,236,Soya beans,2007,Annual value,34656,A,34656,A,521.8,A,37.95,E,Annual,2007-01-01
157,558,Nicaragua,236,Soya beans,2007,Annual value,4202,A,4202,A,227.8,A,16.54,E,Annual,2007-01-01
159,566,Nigeria,236,Soya beans,2007,Annual value,66117,A,66117,A,525.5,A,64.48,E,Annual,2007-01-01
154,807,North Macedonia,236,Soya beans,2007,Annual value,19220,A,19220,A,429.7,A,91.88,E,Annual,2007-01-01
165,586,Pakistan,236,Soya beans,2007,Annual value,25500,A,25500,A,419.8,A,55.58,E,Annual,2007-01-01
166,591,Panama,236,Soya beans,2007,Annual value,,,,,,,50.71,E,Annual,2007-01-01
169,600,Paraguay,236,Soya beans,2007,Annual value,1252000,A,1252000,A,248.8,A,67.32,E,Annual,2007-01-01
170,604,Peru,236,Soya beans,2007,Annual value,1360,A,1360,A,434.8,A,57.21,E,Annual,2007-01-01
171,608,Philippines,236,Soya beans,2007,Annual value,,,,,,,84.33,E,Annual,2007-01-01
173,616,Poland,236,Soya beans,2007,Annual value,,,,,,,64.77,E,Annual,2007-01-01
117,410,Republic of Korea,236,Soya beans,2007,Annual value,2001093.8,A,2001093.8,A,2153.4,A,52.31,E,Annual,2007-01-01
146,498,Republic of Moldova,236,Soya beans,2007,Annual value,,,,,,,39.7,E,Annual,2007-01-01
183,642,Romania,236,Soya beans,2007,Annual value,780,A,780,A,319.9,A,56.39,E,Annual,2007-01-01
185,643,Russian Federation,236,Soya beans,2007,Annual value,7328,A,7328,A,286.5,A,36.97,E,Annual,2007-01-01
184,646,Rwanda,236,Soya beans,2007,Annual value,279979.8,A,279979.8,A,511.9,A,59.66,E,Annual,2007-01-01
272,688,Serbia,236,Soya beans,2007,Annual value,23200,A,23200,A,396.9,A,61.13,E,Annual,2007-01-01
199,703,Slovakia,236,Soya beans,2007,Annual value,7786,A,258.4,A,315.3,A,77.97,E,Annual,2007-01-01
198,705,Slovenia,236,Soya beans,2007,Annual value,228.5,A,228.5,A,312.7,A,73.71,E,Annual,2007-01-01
202,710,South Africa,236,Soya beans,2007,Annual value,2343,A,2343,A,332.6,A,42.66,E,Annual,2007-01-01
203,724,Spain,236,Soya beans,2007,Annual value,244.8,A,244.8,A,335,A,51.39,E,Annual,2007-01-01
38,144,Sri Lanka,236,Soya beans,2007,Annual value,49690,A,49690,A,449.2,A,36.95,E,Annual,2007-01-01
207,740,Suriname,236,Soya beans,2007,Annual value,4205,A,4205,A,1531.9,A,30.85,E,Annual,2007-01-01
211,756,Switzerland,236,Soya beans,2007,Annual value,,,,,,,92.78,E,Annual,2007-01-01
212,760,Syrian Arab Republic,236,Soya beans,2007,Annual value,,,,,,,86.78,E,Annual,2007-01-01
208,762,Tajikistan,236,Soya beans,2007,Annual value,,,,,,,81.78,E,Annual,2007-01-01
216,764,Thailand,236,Soya beans,2007,Annual value,15120,A,15120,A,438,A,97.72,E,Annual,2007-01-01
223,792,Türkiye,236,Soya beans,2007,Annual value,510,A,510,A,391.4,A,45.28,E,Annual,2007-01-01
230,804,Ukraine,236,Soya beans,2007,Annual value,1698,A,1698,A,336.2,A,24.26,E,Annual,2007-01-01
215,834,United Republic of Tanzania,236,Soya beans,2007,Annual value,,,,,,,6.03,E,Annual,2007-01-01
231,840,United States of America,236,Soya beans,2007,Annual value,371,A,371,A,371,A,106.2,E,Annual,2007-01-01
234,858,Uruguay,236,Soya beans,2007,Annual value,6768.1,A,6768.1,A,288.4,A,65.86,E,Annual,2007-01-01
237,704,Viet Nam,236,Soya beans,2007,Annual value,,,,,,,35.97,E,Annual,2007-01-01
251,894,Zambia,236,Soya beans,2007,Annual value,821000,A,821,A,205.1,A,61.86,E,Annual,2007-01-01
181,716,Zimbabwe,236,Soya beans,2007,Annual value,,,,,,,669268.85,E,Annual,2007-01-01
3,8,Albania,236,Soya beans,2008,Annual value,70000,A,70000,A,834.4,A,78.93,E,Annual,2008-01-01
9,32,Argentina,236,Soya beans,2008,Annual value,862.2,A,862.2,A,274.2,A,26.85,E,Annual,2008-01-01
10,36,Australia,236,Soya beans,2008,Annual value,,,,,,,85.87,E,Annual,2008-01-01
11,40,Austria,236,Soya beans,2008,Annual value,328,A,328,A,480.5,A,98.5,E,Annual,2008-01-01
52,31,Azerbaijan,236,Soya beans,2008,Annual value,,,,,,,78.66,E,Annual,2008-01-01
16,50,Bangladesh,236,Soya beans,2008,Annual value,32630,A,32630,A,475.7,A,91.95,E,Annual,2008-01-01
23,84,Belize,236,Soya beans,2008,Annual value,,,,,,,94.14,E,Annual,2008-01-01
18,64,Bhutan,236,Soya beans,2008,Annual value,,,,,,,26.61,E,Annual,2008-01-01
19,68,Bolivia (Plurinational State of),236,Soya beans,2008,Annual value,2399.7,A,2399.7,A,331.5,A,112.79,E,Annual,2008-01-01
80,70,Bosnia and Herzegovina,236,Soya beans,2008,Annual value,708,A,708,A,530.3,A,116.96,E,Annual,2008-01-01
21,76,Brazil,236,Soya beans,2008,Annual value,712.5,A,712.5,A,388.5,A,65.5,E,Annual,2008-01-01
27,100,Bulgaria,236,Soya beans,2008,Annual value,701,A,701,A,524.3,A,73.22,E,Annual,2008-01-01
233,854,Burkina Faso,236,Soya beans,2008,Annual value,,,,,,,80.75,E,Annual,2008-01-01
29,108,Burundi,236,Soya beans,2008,Annual value,,,,,,,63.13,E,Annual,2008-01-01
115,116,Cambodia,236,Soya beans,2008,Annual value,3043000,A,3043000,A,750.6,A,76.01,E,Annual,2008-01-01
32,120,Cameroon,236,Soya beans,2008,Annual value,,,,,,,104.52,E,Annual,2008-01-01
33,124,Canada,236,Soya beans,2008,Annual value,415.6,A,415.6,A,389.5,A,93.55,E,Annual,2008-01-01
41,156,"China, mainland",236,Soya beans,2008,Annual value,3480.2,A,3480.2,A,500.8,A,73.32,E,Annual,2008-01-01
44,170,Colombia,236,Soya beans,2008,Annual value,1187111,A,1187111,A,603.3,A,100.79,E,Annual,2008-01-01
107,384,Côte d'Ivoire,236,Soya beans,2008,Annual value,,,,,,,47.29,E,Annual,2008-01-01
98,191,Croatia,236,Soya beans,2008,Annual value,2567,A,340.7,A,520.2,A,108.85,E,Annual,2008-01-01
167,203,Czechia,236,Soya beans,2008,Annual value,,,,,,,104.1,E,Annual,2008-01-01
58,218,Ecuador,236,Soya beans,2008,Annual value,469.3,A,469.3,A,469.3,A,79.53,E,Annual,2008-01-01
59,818,Egypt,236,Soya beans,2008,Annual value,2161,A,2161,A,397.8,A,49.67,E,Annual,2008-01-01
60,222,El Salvador,236,Soya beans,2008,Annual value,,,,,,,88.37,E,Annual,2008-01-01
238,231,Ethiopia,236,Soya beans,2008,Annual value,4460,A,4460,A,464.6,A,53.95,E,Annual,2008-01-01
68,250,France,236,Soya beans,2008,Annual value,388.2,A,388.2,A,568.7,A,110.96,E,Annual,2008-01-01
73,268,Georgia,236,Soya beans,2008,Annual value,698.4,A,698.4,A,468.5,A,74.04,E,Annual,2008-01-01
79,276,Germany,236,Soya beans,2008,Annual value,,,,,,,111.4,E,Annual,2008-01-01
84,300,Greece,236,Soya beans,2008,Annual value,,,,,,,114.94,E,Annual,2008-01-01
95,340,Honduras,236,Soya beans,2008,Annual value,,,,,,,94.9,E,Annual,2008-01-01
97,348,Hungary,236,Soya beans,2008,Annual value,75336,A,75336,A,437.7,A,71.69,E,Annual,2008-01-01
100,356,India,236,Soya beans,2008,Annual value,13900,A,13900,A,319.5,A,59.31,E,Annual,2008-01-01
101,360,Indonesia,236,Soya beans,2008,Annual value,6211928,A,6211928,A,640.5,A,74.73,E,Annual,2008-01-01
102,364,Iran (Islamic Republic of),236,Soya beans,2008,Annual value,4104800,A,4104800,A,435.4,A,21.37,E,Annual,2008-01-01
106,380,Italy,236,Soya beans,2008,Annual value,,,,,,,106.82,E,Annual,2008-01-01
110,392,Japan,236,Soya beans,2008,Annual value,159150,A,159150,A,1539.8,A,103.04,E,Annual,2008-01-01
108,398,Kazakhstan,236,Soya beans,2008,Annual value,38802,A,38802,A,322.5,A,54.5,E,Annual,2008-01-01
113,417,Kyrgyzstan,236,Soya beans,2008,Annual value,,,,,,,144.69,E,Annual,2008-01-01
120,418,Lao People's Democratic Republic,236,Soya beans,2008,Annual value,,,,,,,81.26,E,Annual,2008-01-01
119,428,Latvia,236,Soya beans,2008,Annual value,,,,,,,108.62,E,Annual,2008-01-01
129,450,Madagascar,236,Soya beans,2008,Annual value,,,,,,,96.67,E,Annual,2008-01-01
130,454,Malawi,236,Soya beans,2008,Annual value,106000,A,106000,A,754.3,A,31.17,E,Annual,2008-01-01
131,458,Malaysia,236,Soya beans,2008,Annual value,,,,,,,97.49,E,Annual,2008-01-01
133,466,Mali,236,Soya beans,2008,Annual value,,,,,,,92.65,E,Annual,2008-01-01
138,484,Mexico,236,Soya beans,2008,Annual value,4553.4,A,4553.4,A,409.1,A,75.78,E,Annual,2008-01-01
143,504,Morocco,236,Soya beans,2008,Annual value,,,,,,,131.36,E,Annual,2008-01-01
28,104,Myanmar,236,Soya beans,2008,Annual value,,,,,,,66.34,E,Annual,2008-01-01
149,524,Nepal,236,Soya beans,2008,Annual value,36514.7,A,36514.7,A,523.4,A,39.98,E,Annual,2008-01-01
157,558,Nicaragua,236,Soya beans,2008,Annual value,4290,A,4290,A,221.5,A,16.88,E,Annual,2008-01-01
159,566,Nigeria,236,Soya beans,2008,Annual value,85374,A,85374,A,720.2,A,83.26,E,Annual,2008-01-01
154,807,North Macedonia,236,Soya beans,2008,Annual value,23818,A,23818,A,568.9,A,113.86,E,Annual,2008-01-01
165,586,Pakistan,236,Soya beans,2008,Annual value,26000,A,26000,A,369.3,A,56.67,E,Annual,2008-01-01
166,591,Panama,236,Soya beans,2008,Annual value,,,,,,,73.6,E,Annual,2008-01-01
169,600,Paraguay,236,Soya beans,2008,Annual value,1597000,A,1597000,A,366,A,85.88,E,Annual,2008-01-01
170,604,Peru,236,Soya beans,2008,Annual value,1780,A,1780,A,608.7,A,74.87,E,Annual,2008-01-01
171,608,Philippines,236,Soya beans,2008,Annual value,,,,,,,86.56,E,Annual,2008-01-01
173,616,Poland,236,Soya beans,2008,Annual value,,,,,,,85.64,E,Annual,2008-01-01
117,410,Republic of Korea,236,Soya beans,2008,Annual value,2467062.7,A,2467062.7,A,2238.6,A,64.49,E,Annual,2008-01-01
146,498,Republic of Moldova,236,Soya beans,2008,Annual value,,,,,,,25.79,E,Annual,2008-01-01
183,642,Romania,236,Soya beans,2008,Annual value,970,A,970,A,385.1,A,70.12,E,Annual,2008-01-01
185,643,Russian Federation,236,Soya beans,2008,Annual value,11608,A,11608,A,467.1,A,58.56,E,Annual,2008-01-01
184,646,Rwanda,236,Soya beans,2008,Annual value,361958.7,A,361958.7,A,661.9,A,77.13,E,Annual,2008-01-01
272,688,Serbia,236,Soya beans,2008,Annual value,24470,A,24470,A,439.1,A,64.47,E,Annual,2008-01-01
199,703,Slovakia,236,Soya beans,2008,Annual value,9380,A,311.4,A,439.1,A,93.93,E,Annual,2008-01-01
198,705,Slovenia,236,Soya beans,2008,Annual value,,,,,,,83.51,E,Annual,2008-01-01
202,710,South Africa,236,Soya beans,2008,Annual value,4026,A,4026,A,487.3,A,73.3,E,Annual,2008-01-01
203,724,Spain,236,Soya beans,2008,Annual value,273,A,273,A,399.9,A,57.31,E,Annual,2008-01-01
38,144,Sri Lanka,236,Soya beans,2008,Annual value,,,,,,,41.89,E,Annual,2008-01-01
207,740,Suriname,236,Soya beans,2008,Annual value,5810,A,5810,A,2116.6,A,42.62,E,Annual,2008-01-01
211,756,Switzerland,236,Soya beans,2008,Annual value,,,,,,,127.67,E,Annual,2008-01-01
212,760,Syrian Arab Republic,236,Soya beans,2008,Annual value,,,,,,,88.46,E,Annual,2008-01-01
208,762,Tajikistan,236,Soya beans,2008,Annual value,,,,,,,90.84,E,Annual,2008-01-01
216,764,Thailand,236,Soya beans,2008,Annual value,15460,A,15460,A,464.1,A,99.91,E,Annual,2008-01-01
176,626,Timor-Leste,236,Soya beans,2008,Annual value,800,A,800,A,800,A,32.7,E,Annual,2008-01-01
223,792,Türkiye,236,Soya beans,2008,Annual value,608.7,A,608.7,A,467.7,A,54.04,E,Annual,2008-01-01
230,804,Ukraine,236,Soya beans,2008,Annual value,1770,A,1770,A,336,A,25.29,E,Annual,2008-01-01
215,834,United Republic of Tanzania,236,Soya beans,2008,Annual value,,,,,,,7.66,E,Annual,2008-01-01
231,840,United States of America,236,Soya beans,2008,Annual value,366,A,366,A,366,A,104.77,E,Annual,2008-01-01
234,858,Uruguay,236,Soya beans,2008,Annual value,9673.4,A,9673.4,A,461.8,A,94.13,E,Annual,2008-01-01
236,862,Venezuela (Bolivarian Republic of),236,Soya beans,2008,Annual value,1300,A,1300,A,605.5,A,,,Annual,2008-01-01
237,704,Viet Nam,236,Soya beans,2008,Annual value,,,,,,,50.23,E,Annual,2008-01-01
251,894,Zambia,236,Soya beans,2008,Annual value,,,,,,,64,E,Annual,2008-01-01
3,8,Albania,236,Soya beans,2009,Annual value,70000,A,70000,A,737,A,78.93,E,Annual,2009-01-01
9,32,Argentina,236,Soya beans,2009,Annual value,947.5,A,947.5,A,255.4,A,29.51,E,Annual,2009-01-01
10,36,Australia,236,Soya beans,2009,Annual value,551,A,551,A,429.7,A,97.86,E,Annual,2009-01-01
11,40,Austria,236,Soya beans,2009,Annual value,272,A,272,A,377.9,A,81.68,E,Annual,2009-01-01
52,31,Azerbaijan,236,Soya beans,2009,Annual value,,,,,,,77.47,E,Annual,2009-01-01
16,50,Bangladesh,236,Soya beans,2009,Annual value,,,,,,,76.84,E,Annual,2009-01-01
23,84,Belize,236,Soya beans,2009,Annual value,,,,,,,94.95,E,Annual,2009-01-01
18,64,Bhutan,236,Soya beans,2009,Annual value,,,,,,,22.24,E,Annual,2009-01-01
19,68,Bolivia (Plurinational State of),236,Soya beans,2009,Annual value,2617.7,A,2617.7,A,372.9,A,123.04,E,Annual,2009-01-01
80,70,Bosnia and Herzegovina,236,Soya beans,2009,Annual value,501,A,501,A,355.9,A,82.76,E,Annual,2009-01-01
21,76,Brazil,236,Soya beans,2009,Annual value,734.2,A,734.2,A,367.2,A,67.5,E,Annual,2009-01-01
27,100,Bulgaria,236,Soya beans,2009,Annual value,821,A,821,A,583.6,A,85.75,E,Annual,2009-01-01
233,854,Burkina Faso,236,Soya beans,2009,Annual value,,,,,,,83.71,E,Annual,2009-01-01
29,108,Burundi,236,Soya beans,2009,Annual value,,,,,,,69.95,E,Annual,2009-01-01
115,116,Cambodia,236,Soya beans,2009,Annual value,2371000,A,2371000,A,572.8,A,59.23,E,Annual,2009-01-01
32,120,Cameroon,236,Soya beans,2009,Annual value,,,,,,,102.1,E,Annual,2009-01-01
33,124,Canada,236,Soya beans,2009,Annual value,410.7,A,410.7,A,359.3,A,92.45,E,Annual,2009-01-01
41,156,"China, mainland",236,Soya beans,2009,Annual value,3980,A,3980,A,582.6,A,83.85,E,Annual,2009-01-01
44,170,Colombia,236,Soya beans,2009,Annual value,1078164.6,A,1078164.6,A,499.6,A,91.54,E,Annual,2009-01-01
107,384,Côte d'Ivoire,236,Soya beans,2009,Annual value,,,,,,,45.65,E,Annual,2009-01-01
98,191,Croatia,236,Soya beans,2009,Annual value,2030,A,269.4,A,384.2,A,86.08,E,Annual,2009-01-01
167,203,Czechia,236,Soya beans,2009,Annual value,,,,,,,69.79,E,Annual,2009-01-01
58,218,Ecuador,236,Soya beans,2009,Annual value,488.3,A,488.3,A,488.3,A,82.75,E,Annual,2009-01-01
59,818,Egypt,236,Soya beans,2009,Annual value,2216,A,2216,A,399.7,A,50.93,E,Annual,2009-01-01
60,222,El Salvador,236,Soya beans,2009,Annual value,,,,,,,87.42,E,Annual,2009-01-01
238,231,Ethiopia,236,Soya beans,2009,Annual value,,,,,,,76.22,E,Annual,2009-01-01
68,250,France,236,Soya beans,2009,Annual value,321.9,A,321.9,A,447.2,A,92,E,Annual,2009-01-01
73,268,Georgia,236,Soya beans,2009,Annual value,796.3,A,796.3,A,476.7,A,84.42,E,Annual,2009-01-01
79,276,Germany,236,Soya beans,2009,Annual value,,,,,,,73.78,E,Annual,2009-01-01
84,300,Greece,236,Soya beans,2009,Annual value,,,,,,,109.75,E,Annual,2009-01-01
95,340,Honduras,236,Soya beans,2009,Annual value,,,,,,,107.51,E,Annual,2009-01-01
97,348,Hungary,236,Soya beans,2009,Annual value,74097,A,74097,A,366.2,A,70.52,E,Annual,2009-01-01
100,356,India,236,Soya beans,2009,Annual value,,,,,,,65.52,E,Annual,2009-01-01
101,360,Indonesia,236,Soya beans,2009,Annual value,6588062,A,6588062,A,634.1,A,79.25,E,Annual,2009-01-01
102,364,Iran (Islamic Republic of),236,Soya beans,2009,Annual value,5070310,A,5070310,A,514,A,26.39,E,Annual,2009-01-01
106,380,Italy,236,Soya beans,2009,Annual value,,,,,,,86.33,E,Annual,2009-01-01
110,392,Japan,236,Soya beans,2009,Annual value,154316.7,A,154316.7,A,1649.2,A,99.91,E,Annual,2009-01-01
108,398,Kazakhstan,236,Soya beans,2009,Annual value,45312,A,45312,A,307.2,A,63.64,E,Annual,2009-01-01
113,417,Kyrgyzstan,236,Soya beans,2009,Annual value,,,,,,,98.82,E,Annual,2009-01-01
120,418,Lao People's Democratic Republic,236,Soya beans,2009,Annual value,,,,,,,85.09,E,Annual,2009-01-01
119,428,Latvia,236,Soya beans,2009,Annual value,,,,,,,75.68,E,Annual,2009-01-01
129,450,Madagascar,236,Soya beans,2009,Annual value,,,,,,,97.15,E,Annual,2009-01-01
130,454,Malawi,236,Soya beans,2009,Annual value,136109.6,A,136109.6,A,964.2,A,40.02,E,Annual,2009-01-01
131,458,Malaysia,236,Soya beans,2009,Annual value,,,,,,,78.97,E,Annual,2009-01-01
133,466,Mali,236,Soya beans,2009,Annual value,,,,,,,85.03,E,Annual,2009-01-01
138,484,Mexico,236,Soya beans,2009,Annual value,4928.5,A,4928.5,A,364.7,A,82.02,E,Annual,2009-01-01
143,504,Morocco,236,Soya beans,2009,Annual value,,,,,,,115.84,E,Annual,2009-01-01
28,104,Myanmar,236,Soya beans,2009,Annual value,,,,,,,41.33,E,Annual,2009-01-01
149,524,Nepal,236,Soya beans,2009,Annual value,46739.5,A,46739.5,A,602.5,A,51.18,E,Annual,2009-01-01
157,558,Nicaragua,236,Soya beans,2009,Annual value,4334,A,4334,A,213.1,A,17.06,E,Annual,2009-01-01
159,566,Nigeria,236,Soya beans,2009,Annual value,,,,,,,71.35,E,Annual,2009-01-01
154,807,North Macedonia,236,Soya beans,2009,Annual value,,,,,,,114.65,E,Annual,2009-01-01
165,586,Pakistan,236,Soya beans,2009,Annual value,32060,A,32060,A,392.3,A,69.88,E,Annual,2009-01-01
166,591,Panama,236,Soya beans,2009,Annual value,,,,,,,77.11,E,Annual,2009-01-01
169,600,Paraguay,236,Soya beans,2009,Annual value,1626000,A,1626000,A,327.5,A,87.44,E,Annual,2009-01-01
170,604,Peru,236,Soya beans,2009,Annual value,1670,A,1670,A,554.5,A,70.25,E,Annual,2009-01-01
171,608,Philippines,236,Soya beans,2009,Annual value,,,,,,,91.2,E,Annual,2009-01-01
173,616,Poland,236,Soya beans,2009,Annual value,,,,,,,73.08,E,Annual,2009-01-01
117,410,Republic of Korea,236,Soya beans,2009,Annual value,3344685.3,A,3344685.3,A,2619.3,A,87.43,E,Annual,2009-01-01
146,498,Republic of Moldova,236,Soya beans,2009,Annual value,,,,,,,24.06,E,Annual,2009-01-01
183,642,Romania,236,Soya beans,2009,Annual value,960,A,960,A,314.8,A,69.4,E,Annual,2009-01-01
185,643,Russian Federation,236,Soya beans,2009,Annual value,11151.3,A,11151.3,A,351.3,A,56.26,E,Annual,2009-01-01
184,646,Rwanda,236,Soya beans,2009,Annual value,363126.4,A,363126.4,A,639,A,77.38,E,Annual,2009-01-01
272,688,Serbia,236,Soya beans,2009,Annual value,25590,A,25590,A,378.7,A,67.42,E,Annual,2009-01-01
199,703,Slovakia,236,Soya beans,2009,Annual value,274.8,A,274.8,A,381.7,A,82.9,E,Annual,2009-01-01
198,705,Slovenia,236,Soya beans,2009,Annual value,,,,,,,93.31,E,Annual,2009-01-01
202,710,South Africa,236,Soya beans,2009,Annual value,3187,A,3187,A,376.1,A,58.02,E,Annual,2009-01-01
203,724,Spain,236,Soya beans,2009,Annual value,308.5,A,308.5,A,428.6,A,64.77,E,Annual,2009-01-01
38,144,Sri Lanka,236,Soya beans,2009,Annual value,76380,A,76380,A,664.5,A,56.8,E,Annual,2009-01-01
207,740,Suriname,236,Soya beans,2009,Annual value,4330,A,4330,A,1577.4,A,31.76,E,Annual,2009-01-01
211,756,Switzerland,236,Soya beans,2009,Annual value,,,,,,,95.16,E,Annual,2009-01-01
212,760,Syrian Arab Republic,236,Soya beans,2009,Annual value,,,,,,,90.13,E,Annual,2009-01-01
208,762,Tajikistan,236,Soya beans,2009,Annual value,,,,,,,99.78,E,Annual,2009-01-01
216,764,Thailand,236,Soya beans,2009,Annual value,13870,A,13870,A,404.5,A,89.64,E,Annual,2009-01-01
176,626,Timor-Leste,236,Soya beans,2009,Annual value,1500,A,1500,A,1500,A,61.32,E,Annual,2009-01-01
223,792,Türkiye,236,Soya beans,2009,Annual value,707,A,707,A,456.1,A,62.76,E,Annual,2009-01-01
230,804,Ukraine,236,Soya beans,2009,Annual value,2674,A,2674,A,343.2,A,38.2,E,Annual,2009-01-01
215,834,United Republic of Tanzania,236,Soya beans,2009,Annual value,,,,,,,7.99,E,Annual,2009-01-01
231,840,United States of America,236,Soya beans,2009,Annual value,352,A,352,A,352,A,100.76,E,Annual,2009-01-01
234,858,Uruguay,236,Soya beans,2009,Annual value,8934,A,8934,A,395.9,A,86.93,E,Annual,2009-01-01
236,862,Venezuela (Bolivarian Republic of),236,Soya beans,2009,Annual value,1300,A,1300,A,605.5,A,,,Annual,2009-01-01
237,704,Viet Nam,236,Soya beans,2009,Annual value,,,,,,,52.46,E,Annual,2009-01-01
251,894,Zambia,236,Soya beans,2009,Annual value,,,,,,,73.97,E,Annual,2009-01-01
3,8,Albania,236,Soya beans,2010,Annual value,70000,A,70000,A,673.5,A,78.93,E,Annual,2010-01-01
7,24,Angola,236,Soya beans,2010,Annual value,100000,A,100000,A,1088.1,A,96.92,E,Annual,2010-01-01
9,32,Argentina,236,Soya beans,2010,Annual value,1023.6,A,1023.6,A,262.7,A,31.88,E,Annual,2010-01-01
10,36,Australia,236,Soya beans,2010,Annual value,,,,,,,93.33,E,Annual,2010-01-01
11,40,Austria,236,Soya beans,2010,Annual value,323,A,323,A,427.8,A,97,E,Annual,2010-01-01
52,31,Azerbaijan,236,Soya beans,2010,Annual value,,,,,,,83.05,E,Annual,2010-01-01
16,50,Bangladesh,236,Soya beans,2010,Annual value,35050,A,35050,A,503.2,A,98.77,E,Annual,2010-01-01
23,84,Belize,236,Soya beans,2010,Annual value,,,,,,,96.1,E,Annual,2010-01-01
18,64,Bhutan,236,Soya beans,2010,Annual value,,,,,,,22.9,E,Annual,2010-01-01
19,68,Bolivia (Plurinational State of),236,Soya beans,2010,Annual value,2015,A,2015,A,287.2,A,94.71,E,Annual,2010-01-01
80,70,Bosnia and Herzegovina,236,Soya beans,2010,Annual value,605,A,605,A,409.7,A,99.94,E,Annual,2010-01-01
21,76,Brazil,236,Soya beans,2010,Annual value,633.3,A,633.3,A,360,A,58.22,E,Annual,2010-01-01
27,100,Bulgaria,236,Soya beans,2010,Annual value,718,A,718,A,486,A,74.99,E,Annual,2010-01-01
233,854,Burkina Faso,236,Soya beans,2010,Annual value,,,,,,,86.36,E,Annual,2010-01-01
29,108,Burundi,236,Soya beans,2010,Annual value,,,,,,,76.58,E,Annual,2010-01-01
115,116,Cambodia,236,Soya beans,2010,Annual value,2490000,A,2490000,A,595,A,62.2,E,Annual,2010-01-01
32,120,Cameroon,236,Soya beans,2010,Annual value,,,,,,,97.35,E,Annual,2010-01-01
33,124,Canada,236,Soya beans,2010,Annual value,384,A,384,A,372.8,A,86.44,E,Annual,2010-01-01
41,156,"China, mainland",236,Soya beans,2010,Annual value,5000,A,5000,A,738.5,A,105.34,E,Annual,2010-01-01
44,170,Colombia,236,Soya beans,2010,Annual value,1013327.1,A,1013327.1,A,533.7,A,86.03,E,Annual,2010-01-01
107,384,Côte d'Ivoire,236,Soya beans,2010,Annual value,,,,,,,56.42,E,Annual,2010-01-01
98,191,Croatia,236,Soya beans,2010,Annual value,2293,A,304.3,A,417.1,A,97.23,E,Annual,2010-01-01
167,203,Czechia,236,Soya beans,2010,Annual value,,,,,,,74.7,E,Annual,2010-01-01
58,218,Ecuador,236,Soya beans,2010,Annual value,505.6,A,505.6,A,505.6,A,85.67,E,Annual,2010-01-01
59,818,Egypt,236,Soya beans,2010,Annual value,2319,A,2319,A,412.5,A,53.3,E,Annual,2010-01-01
60,222,El Salvador,236,Soya beans,2010,Annual value,,,,,,,88.71,E,Annual,2010-01-01
238,231,Ethiopia,236,Soya beans,2010,Annual value,3780,A,3780,A,262.3,A,45.73,E,Annual,2010-01-01
68,250,France,236,Soya beans,2010,Annual value,416.8,A,416.8,A,552.1,A,119.13,E,Annual,2010-01-01
73,268,Georgia,236,Soya beans,2010,Annual value,792,A,792,A,444.4,A,83.96,E,Annual,2010-01-01
79,276,Germany,236,Soya beans,2010,Annual value,,,,,,,95.36,E,Annual,2010-01-01
84,300,Greece,236,Soya beans,2010,Annual value,,,,,,,105.79,E,Annual,2010-01-01
95,340,Honduras,236,Soya beans,2010,Annual value,,,,,,,95.03,E,Annual,2010-01-01
97,348,Hungary,236,Soya beans,2010,Annual value,87904,A,87904,A,422.7,A,83.65,E,Annual,2010-01-01
100,356,India,236,Soya beans,2010,Annual value,,,,,,,77.14,E,Annual,2010-01-01
101,360,Indonesia,236,Soya beans,2010,Annual value,6712672,A,6712672,A,738.4,A,80.75,E,Annual,2010-01-01
102,364,Iran (Islamic Republic of),236,Soya beans,2010,Annual value,5419700,A,5419700,A,528.5,A,28.21,E,Annual,2010-01-01
106,380,Italy,236,Soya beans,2010,Annual value,,,,,,,89.66,E,Annual,2010-01-01
110,392,Japan,236,Soya beans,2010,Annual value,130800,A,130800,A,1490.1,A,84.68,E,Annual,2010-01-01
108,398,Kazakhstan,236,Soya beans,2010,Annual value,46125,A,46125,A,313,A,64.78,E,Annual,2010-01-01
113,417,Kyrgyzstan,236,Soya beans,2010,Annual value,,,,,,,96.45,E,Annual,2010-01-01
120,418,Lao People's Democratic Republic,236,Soya beans,2010,Annual value,,,,,,,95.24,E,Annual,2010-01-01
119,428,Latvia,236,Soya beans,2010,Annual value,,,,,,,95.41,E,Annual,2010-01-01
129,450,Madagascar,236,Soya beans,2010,Annual value,,,,,,,97.62,E,Annual,2010-01-01
130,454,Malawi,236,Soya beans,2010,Annual value,115254.3,A,115254.3,A,765.9,A,33.89,E,Annual,2010-01-01
131,458,Malaysia,236,Soya beans,2010,Annual value,,,,,,,106.42,E,Annual,2010-01-01
133,466,Mali,236,Soya beans,2010,Annual value,,,,,,,82.02,E,Annual,2010-01-01
138,484,Mexico,236,Soya beans,2010,Annual value,5475.6,A,5475.6,A,433.3,A,91.12,E,Annual,2010-01-01
143,504,Morocco,236,Soya beans,2010,Annual value,,,,,,,114.16,E,Annual,2010-01-01
28,104,Myanmar,236,Soya beans,2010,Annual value,,,,,,,70.35,E,Annual,2010-01-01
149,524,Nepal,236,Soya beans,2010,Annual value,53188.4,A,53188.4,A,726,A,58.24,E,Annual,2010-01-01
157,558,Nicaragua,236,Soya beans,2010,Annual value,6600,A,6600,A,309,A,25.97,E,Annual,2010-01-01
159,566,Nigeria,236,Soya beans,2010,Annual value,63890,A,63890,A,425.1,A,62.31,E,Annual,2010-01-01
154,807,North Macedonia,236,Soya beans,2010,Annual value,24150,A,24150,A,519.5,A,115.44,E,Annual,2010-01-01
165,586,Pakistan,236,Soya beans,2010,Annual value,35430,A,35430,A,415.9,A,77.23,E,Annual,2010-01-01
166,591,Panama,236,Soya beans,2010,Annual value,,,,,,,81.26,E,Annual,2010-01-01
169,600,Paraguay,236,Soya beans,2010,Annual value,1605000,A,1605000,A,338.9,A,86.31,E,Annual,2010-01-01
170,604,Peru,236,Soya beans,2010,Annual value,1780,A,1780,A,630.1,A,74.87,E,Annual,2010-01-01
171,608,Philippines,236,Soya beans,2010,Annual value,,,,,,,88.12,E,Annual,2010-01-01
173,616,Poland,236,Soya beans,2010,Annual value,,,,,,,86.31,E,Annual,2010-01-01
117,410,Republic of Korea,236,Soya beans,2010,Annual value,3254932.3,A,3254932.3,A,2815.5,A,85.08,E,Annual,2010-01-01
146,498,Republic of Moldova,236,Soya beans,2010,Annual value,,,,,,,45.6,E,Annual,2010-01-01
183,642,Romania,236,Soya beans,2010,Annual value,1230,A,1230,A,387,A,88.92,E,Annual,2010-01-01
185,643,Russian Federation,236,Soya beans,2010,Annual value,11390,A,11390,A,375.1,A,57.46,E,Annual,2010-01-01
184,646,Rwanda,236,Soya beans,2010,Annual value,343037.9,A,343037.9,A,588.3,A,73.1,E,Annual,2010-01-01
272,688,Serbia,236,Soya beans,2010,Annual value,28830,A,28830,A,370.9,A,75.96,E,Annual,2010-01-01
199,703,Slovakia,236,Soya beans,2010,Annual value,316.3,A,316.3,A,419,A,95.43,E,Annual,2010-01-01
198,705,Slovenia,236,Soya beans,2010,Annual value,,,,,,,103.1,E,Annual,2010-01-01
202,710,South Africa,236,Soya beans,2010,Annual value,2528,A,2528,A,345.3,A,46.03,E,Annual,2010-01-01
203,724,Spain,236,Soya beans,2010,Annual value,326.8,A,326.8,A,432.8,A,68.61,E,Annual,2010-01-01
38,144,Sri Lanka,236,Soya beans,2010,Annual value,75050,A,75050,A,663.8,A,55.81,E,Annual,2010-01-01
207,740,Suriname,236,Soya beans,2010,Annual value,7165,A,7165,A,2609.8,A,52.56,E,Annual,2010-01-01
211,756,Switzerland,236,Soya beans,2010,Annual value,,,,,,,96.71,E,Annual,2010-01-01
212,760,Syrian Arab Republic,236,Soya beans,2010,Annual value,,,,,,,91.8,E,Annual,2010-01-01
208,762,Tajikistan,236,Soya beans,2010,Annual value,,,,,,,108.75,E,Annual,2010-01-01
216,764,Thailand,236,Soya beans,2010,Annual value,15360,A,15360,A,484.8,A,99.27,E,Annual,2010-01-01
176,626,Timor-Leste,236,Soya beans,2010,Annual value,,,,,,,77.9,E,Annual,2010-01-01
223,792,Türkiye,236,Soya beans,2010,Annual value,859,A,859,A,571.6,A,76.26,E,Annual,2010-01-01
230,804,Ukraine,236,Soya beans,2010,Annual value,2604,A,2604,A,328.1,A,37.2,E,Annual,2010-01-01
215,834,United Republic of Tanzania,236,Soya beans,2010,Annual value,,,,,,,8.37,E,Annual,2010-01-01
231,840,United States of America,236,Soya beans,2010,Annual value,415,A,415,A,415,A,118.8,E,Annual,2010-01-01
234,858,Uruguay,236,Soya beans,2010,Annual value,7621,A,7621,A,379.9,A,74.16,E,Annual,2010-01-01
236,862,Venezuela (Bolivarian Republic of),236,Soya beans,2010,Annual value,1780,A,1780,A,689.4,A,,,Annual,2010-01-01
237,704,Viet Nam,236,Soya beans,2010,Annual value,,,,,,,60,E,Annual,2010-01-01
251,894,Zambia,236,Soya beans,2010,Annual value,,,,,,,76.53,E,Annual,2010-01-01
181,716,Zimbabwe,236,Soya beans,2010,Annual value,,,,,300,A,53.89,E,Annual,2010-01-01
3,8,Albania,236,Soya beans,2011,Annual value,75000,A,75000,A,743.3,A,84.57,E,Annual,2011-01-01
7,24,Angola,236,Soya beans,2011,Annual value,100000,A,100000,A,1064.6,A,96.92,E,Annual,2011-01-01
9,32,Argentina,236,Soya beans,2011,Annual value,1269.1,A,1269.1,A,308.8,A,39.52,E,Annual,2011-01-01
10,36,Australia,236,Soya beans,2011,Annual value,500,A,500,A,515.7,A,88.8,E,Annual,2011-01-01
11,40,Austria,236,Soya beans,2011,Annual value,346,A,346,A,481,A,103.9,E,Annual,2011-01-01
52,31,Azerbaijan,236,Soya beans,2011,Annual value,,,,,,,91.99,E,Annual,2011-01-01
16,50,Bangladesh,236,Soya beans,2011,Annual value,37580,A,37580,A,506.8,A,105.9,E,Annual,2011-01-01
23,84,Belize,236,Soya beans,2011,Annual value,,,,,,,106.02,E,Annual,2011-01-01
18,64,Bhutan,236,Soya beans,2011,Annual value,,,,,,,27.52,E,Annual,2011-01-01
19,68,Bolivia (Plurinational State of),236,Soya beans,2011,Annual value,2095.3,A,2095.3,A,302.1,A,98.48,E,Annual,2011-01-01
80,70,Bosnia and Herzegovina,236,Soya beans,2011,Annual value,654,A,654,A,464.8,A,108.04,E,Annual,2011-01-01
21,76,Brazil,236,Soya beans,2011,Annual value,711.7,A,711.7,A,425.4,A,65.42,E,Annual,2011-01-01
27,100,Bulgaria,236,Soya beans,2011,Annual value,615.7,A,615.7,A,437.8,A,64.31,E,Annual,2011-01-01
233,854,Burkina Faso,236,Soya beans,2011,Annual value,,,,,,,88.74,E,Annual,2011-01-01
29,108,Burundi,236,Soya beans,2011,Annual value,,,,,,,82.84,E,Annual,2011-01-01
115,116,Cambodia,236,Soya beans,2011,Annual value,2906000,A,2906000,A,716,A,72.59,E,Annual,2011-01-01
32,120,Cameroon,236,Soya beans,2011,Annual value,,,,,,,102.01,E,Annual,2011-01-01
33,124,Canada,236,Soya beans,2011,Annual value,441.9,A,441.9,A,446.5,A,99.46,E,Annual,2011-01-01
41,156,"China, mainland",236,Soya beans,2011,Annual value,5190,A,5190,A,803.2,A,109.34,E,Annual,2011-01-01
44,170,Colombia,236,Soya beans,2011,Annual value,1167214.2,A,1167214.2,A,631.6,A,99.1,E,Annual,2011-01-01
107,384,Côte d'Ivoire,236,Soya beans,2011,Annual value,,,,,,,58.44,E,Annual,2011-01-01
98,191,Croatia,236,Soya beans,2011,Annual value,2435,A,323.2,A,455.7,A,103.25,E,Annual,2011-01-01
167,203,Czechia,236,Soya beans,2011,Annual value,,,,,,,105.44,E,Annual,2011-01-01
58,218,Ecuador,236,Soya beans,2011,Annual value,498.8,A,498.8,A,498.8,A,84.53,E,Annual,2011-01-01
59,818,Egypt,236,Soya beans,2011,Annual value,2867,A,2867,A,483.2,A,65.89,E,Annual,2011-01-01
60,222,El Salvador,236,Soya beans,2011,Annual value,,,,,,,106.87,E,Annual,2011-01-01
238,231,Ethiopia,236,Soya beans,2011,Annual value,6420,A,6420,A,379.9,A,77.66,E,Annual,2011-01-01
68,250,France,236,Soya beans,2011,Annual value,363.2,A,363.2,A,504.9,A,103.81,E,Annual,2011-01-01
73,268,Georgia,236,Soya beans,2011,Annual value,,,,,,,100.68,E,Annual,2011-01-01
79,276,Germany,236,Soya beans,2011,Annual value,,,,,,,130.06,E,Annual,2011-01-01
84,300,Greece,236,Soya beans,2011,Annual value,,,,,,,116.73,E,Annual,2011-01-01
95,340,Honduras,236,Soya beans,2011,Annual value,,,,,,,93.58,E,Annual,2011-01-01
97,348,Hungary,236,Soya beans,2011,Annual value,95883,A,95883,A,476.9,A,91.25,E,Annual,2011-01-01
100,356,India,236,Soya beans,2011,Annual value,,,,,,,84.12,E,Annual,2011-01-01
101,360,Indonesia,236,Soya beans,2011,Annual value,7253580,A,7253580,A,827,A,87.26,E,Annual,2011-01-01
102,364,Iran (Islamic Republic of),236,Soya beans,2011,Annual value,5662590,A,5662590,A,533.4,A,29.48,E,Annual,2011-01-01
106,380,Italy,236,Soya beans,2011,Annual value,,,,,,,97.32,E,Annual,2011-01-01
110,392,Japan,236,Soya beans,2011,Annual value,127866.7,A,127866.7,A,1602.2,A,82.78,E,Annual,2011-01-01
108,398,Kazakhstan,236,Soya beans,2011,Annual value,50747,A,50747,A,346.1,A,71.27,E,Annual,2011-01-01
113,417,Kyrgyzstan,236,Soya beans,2011,Annual value,,,,,,,116.23,E,Annual,2011-01-01
120,418,Lao People's Democratic Republic,236,Soya beans,2011,Annual value,6212000,A,6212000,A,773.6,A,74.74,E,Annual,2011-01-01
119,428,Latvia,236,Soya beans,2011,Annual value,,,,,,,131.96,E,Annual,2011-01-01
129,450,Madagascar,236,Soya beans,2011,Annual value,,,,,,,98.1,E,Annual,2011-01-01
130,454,Malawi,236,Soya beans,2011,Annual value,139375.5,A,139375.5,A,890.5,A,40.98,E,Annual,2011-01-01
131,458,Malaysia,236,Soya beans,2011,Annual value,,,,,,,132.1,E,Annual,2011-01-01
133,466,Mali,236,Soya beans,2011,Annual value,,,,,,,105.76,E,Annual,2011-01-01
138,484,Mexico,236,Soya beans,2011,Annual value,6282,A,6282,A,505.7,A,104.54,E,Annual,2011-01-01
143,504,Morocco,236,Soya beans,2011,Annual value,,,,,,,118,E,Annual,2011-01-01
28,104,Myanmar,236,Soya beans,2011,Annual value,,,,,,,72.89,E,Annual,2011-01-01
149,524,Nepal,236,Soya beans,2011,Annual value,58962.9,A,58962.9,A,796.6,A,64.56,E,Annual,2011-01-01
157,558,Nicaragua,236,Soya beans,2011,Annual value,9900,A,9900,A,441.5,A,38.96,E,Annual,2011-01-01
159,566,Nigeria,236,Soya beans,2011,Annual value,67010,A,67010,A,435.5,A,65.35,E,Annual,2011-01-01
154,807,North Macedonia,236,Soya beans,2011,Annual value,,,,,,,150.94,E,Annual,2011-01-01
165,586,Pakistan,236,Soya beans,2011,Annual value,,,,,,,78.49,E,Annual,2011-01-01
166,591,Panama,236,Soya beans,2011,Annual value,,,,,,,80.13,E,Annual,2011-01-01
169,600,Paraguay,236,Soya beans,2011,Annual value,1732000,A,1732000,A,413.2,A,93.13,E,Annual,2011-01-01
170,604,Peru,236,Soya beans,2011,Annual value,1910,A,1910,A,693.5,A,80.34,E,Annual,2011-01-01
171,608,Philippines,236,Soya beans,2011,Annual value,,,,,,,89.49,E,Annual,2011-01-01
173,616,Poland,236,Soya beans,2011,Annual value,,,,,,,124.2,E,Annual,2011-01-01
117,410,Republic of Korea,236,Soya beans,2011,Annual value,,,,,,,90.71,E,Annual,2011-01-01
146,498,Republic of Moldova,236,Soya beans,2011,Annual value,,,,,,,45.8,E,Annual,2011-01-01
183,642,Romania,236,Soya beans,2011,Annual value,1300,A,1300,A,426.4,A,93.98,E,Annual,2011-01-01
185,643,Russian Federation,236,Soya beans,2011,Annual value,11561,A,11561,A,393.5,A,58.33,E,Annual,2011-01-01
184,646,Rwanda,236,Soya beans,2011,Annual value,381470.7,A,381470.7,A,635.5,A,81.28,E,Annual,2011-01-01
272,688,Serbia,236,Soya beans,2011,Annual value,33170,A,33170,A,452.3,A,87.4,E,Annual,2011-01-01
199,703,Slovakia,236,Soya beans,2011,Annual value,339.3,A,339.3,A,471.6,A,102.35,E,Annual,2011-01-01
198,705,Slovenia,236,Soya beans,2011,Annual value,350,A,350,A,486.5,A,112.9,E,Annual,2011-01-01
202,710,South Africa,236,Soya beans,2011,Annual value,3176,A,3176,A,437.4,A,57.82,E,Annual,2011-01-01
203,724,Spain,236,Soya beans,2011,Annual value,336.1,A,336.1,A,467.2,A,70.56,E,Annual,2011-01-01
38,144,Sri Lanka,236,Soya beans,2011,Annual value,59520,A,59520,A,538.3,A,44.26,E,Annual,2011-01-01
207,740,Suriname,236,Soya beans,2011,Annual value,7330,A,7330,A,2243,A,53.77,E,Annual,2011-01-01
211,756,Switzerland,236,Soya beans,2011,Annual value,,,,,,,107.9,E,Annual,2011-01-01
212,760,Syrian Arab Republic,236,Soya beans,2011,Annual value,,,,,,,93.45,E,Annual,2011-01-01
208,762,Tajikistan,236,Soya beans,2011,Annual value,,,,,,,117.81,E,Annual,2011-01-01
216,764,Thailand,236,Soya beans,2011,Annual value,14870,A,14870,A,487.7,A,96.1,E,Annual,2011-01-01
176,626,Timor-Leste,236,Soya beans,2011,Annual value,,,,,,,87.82,E,Annual,2011-01-01
223,792,Türkiye,236,Soya beans,2011,Annual value,918.9,A,918.9,A,548.6,A,81.57,E,Annual,2011-01-01
230,804,Ukraine,236,Soya beans,2011,Annual value,2930,A,2930,A,367.7,A,41.86,E,Annual,2011-01-01
215,834,United Republic of Tanzania,236,Soya beans,2011,Annual value,,,,,,,8.63,E,Annual,2011-01-01
231,840,United States of America,236,Soya beans,2011,Annual value,459,A,459,A,459,A,131.39,E,Annual,2011-01-01
234,858,Uruguay,236,Soya beans,2011,Annual value,9355,A,9355,A,484.4,A,91.03,E,Annual,2011-01-01
236,862,Venezuela (Bolivarian Republic of),236,Soya beans,2011,Annual value,2270,A,2270,A,529.2,A,,,Annual,2011-01-01
237,704,Viet Nam,236,Soya beans,2011,Annual value,,,,,,,78.97,E,Annual,2011-01-01
251,894,Zambia,236,Soya beans,2011,Annual value,,,,,,,81.22,E,Annual,2011-01-01
181,716,Zimbabwe,236,Soya beans,2011,Annual value,,,,,300,A,53.89,E,Annual,2011-01-01
3,8,Albania,236,Soya beans,2012,Annual value,75000,A,75000,A,693.3,A,84.57,E,Annual,2012-01-01
7,24,Angola,236,Soya beans,2012,Annual value,119000,A,119000,A,1246.5,A,115.34,E,Annual,2012-01-01
9,32,Argentina,236,Soya beans,2012,Annual value,1647.4,A,1647.4,A,363.1,A,51.3,E,Annual,2012-01-01
10,36,Australia,236,Soya beans,2012,Annual value,,,,,,,84,E,Annual,2012-01-01
11,40,Austria,236,Soya beans,2012,Annual value,467,A,467,A,600,A,140.24,E,Annual,2012-01-01
52,31,Azerbaijan,236,Soya beans,2012,Annual value,,,,,,,96.99,E,Annual,2012-01-01
16,50,Bangladesh,236,Soya beans,2012,Annual value,54610,A,54610,A,667.1,A,153.9,E,Annual,2012-01-01
23,84,Belize,236,Soya beans,2012,Annual value,,,,,,,108.83,E,Annual,2012-01-01
18,64,Bhutan,236,Soya beans,2012,Annual value,,,,,,,30.11,E,Annual,2012-01-01
19,68,Bolivia (Plurinational State of),236,Soya beans,2012,Annual value,2173.9,A,2173.9,A,314.6,A,102.18,E,Annual,2012-01-01
80,70,Bosnia and Herzegovina,236,Soya beans,2012,Annual value,1023,A,1023,A,672,A,169,E,Annual,2012-01-01
21,76,Brazil,236,Soya beans,2012,Annual value,991.7,A,991.7,A,507.7,A,91.16,E,Annual,2012-01-01
27,100,Bulgaria,236,Soya beans,2012,Annual value,984,A,984,A,646.5,A,102.77,E,Annual,2012-01-01
233,854,Burkina Faso,236,Soya beans,2012,Annual value,,,,,,,91.08,E,Annual,2012-01-01
29,108,Burundi,236,Soya beans,2012,Annual value,,,,,,,89.41,E,Annual,2012-01-01
115,116,Cambodia,236,Soya beans,2012,Annual value,2866000,A,2866000,A,710.6,A,71.59,E,Annual,2012-01-01
32,120,Cameroon,236,Soya beans,2012,Annual value,,,,,,,99.38,E,Annual,2012-01-01
33,124,Canada,236,Soya beans,2012,Annual value,494.5,A,494.5,A,494.9,A,111.32,E,Annual,2012-01-01
41,156,"China, mainland",236,Soya beans,2012,Annual value,5310,A,5310,A,841.2,A,111.87,E,Annual,2012-01-01
44,170,Colombia,236,Soya beans,2012,Annual value,1201407,A,1201407,A,668.6,A,102,E,Annual,2012-01-01
107,384,Côte d'Ivoire,236,Soya beans,2012,Annual value,,,,,,,76.65,E,Annual,2012-01-01
98,191,Croatia,236,Soya beans,2012,Annual value,3534.7,A,469.1,A,604.2,A,149.88,E,Annual,2012-01-01
167,203,Czechia,236,Soya beans,2012,Annual value,,,,,,,112.22,E,Annual,2012-01-01
58,218,Ecuador,236,Soya beans,2012,Annual value,582.7,A,582.7,A,582.7,A,98.75,E,Annual,2012-01-01
59,818,Egypt,236,Soya beans,2012,Annual value,4119,A,4119,A,680.1,A,94.67,E,Annual,2012-01-01
60,222,El Salvador,236,Soya beans,2012,Annual value,,,,,,,95.95,E,Annual,2012-01-01
238,231,Ethiopia,236,Soya beans,2012,Annual value,15770,A,15770,A,890.7,A,190.77,E,Annual,2012-01-01
68,250,France,236,Soya beans,2012,Annual value,463.8,A,463.8,A,595.9,A,132.54,E,Annual,2012-01-01
73,268,Georgia,236,Soya beans,2012,Annual value,,,,,,,109.58,E,Annual,2012-01-01
79,276,Germany,236,Soya beans,2012,Annual value,,,,,,,136.77,E,Annual,2012-01-01
84,300,Greece,236,Soya beans,2012,Annual value,,,,,,,126.08,E,Annual,2012-01-01
95,340,Honduras,236,Soya beans,2012,Annual value,,,,,,,95.18,E,Annual,2012-01-01
97,348,Hungary,236,Soya beans,2012,Annual value,129630,A,129630,A,575.9,A,123.36,E,Annual,2012-01-01
100,356,India,236,Soya beans,2012,Annual value,,,,,,,91.28,E,Annual,2012-01-01
101,360,Indonesia,236,Soya beans,2012,Annual value,7513700,A,7513700,A,800.5,A,90.39,E,Annual,2012-01-01
102,364,Iran (Islamic Republic of),236,Soya beans,2012,Annual value,10255030,A,10255030,A,842.3,A,53.39,E,Annual,2012-01-01
106,380,Italy,236,Soya beans,2012,Annual value,,,,,,,120.18,E,Annual,2012-01-01
110,392,Japan,236,Soya beans,2012,Annual value,102783.3,A,102783.3,A,1288.2,A,66.54,E,Annual,2012-01-01
108,398,Kazakhstan,236,Soya beans,2012,Annual value,55520,A,55520,A,372.3,A,77.98,E,Annual,2012-01-01
113,417,Kyrgyzstan,236,Soya beans,2012,Annual value,,,,,,,123,E,Annual,2012-01-01
120,418,Lao People's Democratic Republic,236,Soya beans,2012,Annual value,6927000,A,6927000,A,865,A,83.34,E,Annual,2012-01-01
119,428,Latvia,236,Soya beans,2012,Annual value,,,,,,,137.52,E,Annual,2012-01-01
129,450,Madagascar,236,Soya beans,2012,Annual value,,,,,,,98.57,E,Annual,2012-01-01
130,454,Malawi,236,Soya beans,2012,Annual value,225969.1,A,225969.1,A,907.1,A,66.45,E,Annual,2012-01-01
131,458,Malaysia,236,Soya beans,2012,Annual value,,,,,,,118.07,E,Annual,2012-01-01
133,466,Mali,236,Soya beans,2012,Annual value,,,,,,,103.37,E,Annual,2012-01-01
138,484,Mexico,236,Soya beans,2012,Annual value,7051.9,A,7051.9,A,535.5,A,117.36,E,Annual,2012-01-01
143,504,Morocco,236,Soya beans,2012,Annual value,,,,,,,116.86,E,Annual,2012-01-01
28,104,Myanmar,236,Soya beans,2012,Annual value,524516,A,524516,A,,,85.18,E,Annual,2012-01-01
149,524,Nepal,236,Soya beans,2012,Annual value,69800,A,69800,A,819.3,A,76.43,E,Annual,2012-01-01
157,558,Nicaragua,236,Soya beans,2012,Annual value,11079.4,A,11079.4,A,470.5,A,43.6,E,Annual,2012-01-01
159,566,Nigeria,236,Soya beans,2012,Annual value,70450,A,70450,A,447.3,A,68.71,E,Annual,2012-01-01
154,807,North Macedonia,236,Soya beans,2012,Annual value,39000,A,39000,A,814.4,A,186.43,E,Annual,2012-01-01
165,586,Pakistan,236,Soya beans,2012,Annual value,,,,,,,83.67,E,Annual,2012-01-01
166,591,Panama,236,Soya beans,2012,Annual value,,,,,,,102.42,E,Annual,2012-01-01
169,600,Paraguay,236,Soya beans,2012,Annual value,2034000,A,2034000,A,459.7,A,109.37,E,Annual,2012-01-01
170,604,Peru,236,Soya beans,2012,Annual value,2260,A,2260,A,856.8,A,95.06,E,Annual,2012-01-01
171,608,Philippines,236,Soya beans,2012,Annual value,,,,,,,85.47,E,Annual,2012-01-01
173,616,Poland,236,Soya beans,2012,Annual value,,,,,,,133.86,E,Annual,2012-01-01
117,410,Republic of Korea,236,Soya beans,2012,Annual value,,,,,,,95.29,E,Annual,2012-01-01
146,498,Republic of Moldova,236,Soya beans,2012,Annual value,,,,,,,63.74,E,Annual,2012-01-01
183,642,Romania,236,Soya beans,2012,Annual value,1710,A,1710,A,493.1,A,123.61,E,Annual,2012-01-01
185,643,Russian Federation,236,Soya beans,2012,Annual value,13067,A,13067,A,423.7,A,65.92,E,Annual,2012-01-01
184,646,Rwanda,236,Soya beans,2012,Annual value,397481.8,A,397481.8,A,647.1,A,84.7,E,Annual,2012-01-01
272,688,Serbia,236,Soya beans,2012,Annual value,59622.4,A,59622.4,A,677.7,A,157.09,E,Annual,2012-01-01
199,703,Slovakia,236,Soya beans,2012,Annual value,427.8,A,427.8,A,549.7,A,129.06,E,Annual,2012-01-01
198,705,Slovenia,236,Soya beans,2012,Annual value,399.5,A,399.5,A,513.3,A,128.87,E,Annual,2012-01-01
202,710,South Africa,236,Soya beans,2012,Annual value,3684,A,3684,A,448.7,A,67.07,E,Annual,2012-01-01
203,724,Spain,236,Soya beans,2012,Annual value,441.3,A,441.3,A,567,A,92.65,E,Annual,2012-01-01
38,144,Sri Lanka,236,Soya beans,2012,Annual value,81180,A,81180,A,636.2,A,60.37,E,Annual,2012-01-01
207,740,Suriname,236,Soya beans,2012,Annual value,9213,A,9213,A,2791.8,A,67.58,E,Annual,2012-01-01
211,756,Switzerland,236,Soya beans,2012,Annual value,,,,,,,109.81,E,Annual,2012-01-01
212,760,Syrian Arab Republic,236,Soya beans,2012,Annual value,,,,,,,95.1,E,Annual,2012-01-01
208,762,Tajikistan,236,Soya beans,2012,Annual value,,,,,,,108.31,E,Annual,2012-01-01
216,764,Thailand,236,Soya beans,2012,Annual value,18390,A,18390,A,591.6,A,118.85,E,Annual,2012-01-01
176,626,Timor-Leste,236,Soya beans,2012,Annual value,,,,,,,93.08,E,Annual,2012-01-01
223,792,Türkiye,236,Soya beans,2012,Annual value,1070.7,A,1070.7,A,596.1,A,95.05,E,Annual,2012-01-01
230,804,Ukraine,236,Soya beans,2012,Annual value,3422,A,3422,A,428.2,A,48.89,E,Annual,2012-01-01
215,834,United Republic of Tanzania,236,Soya beans,2012,Annual value,1248330.3,A,1248330.3,A,788.6,A,97.39,E,Annual,2012-01-01
231,840,United States of America,236,Soya beans,2012,Annual value,529,A,529,A,529,A,151.43,E,Annual,2012-01-01
234,858,Uruguay,236,Soya beans,2012,Annual value,11105.4,A,11105.4,A,546.8,A,108.06,E,Annual,2012-01-01
236,862,Venezuela (Bolivarian Republic of),236,Soya beans,2012,Annual value,2820,A,2820,A,657.4,A,,,Annual,2012-01-01
237,704,Viet Nam,236,Soya beans,2012,Annual value,,,,,,,77.28,E,Annual,2012-01-01
251,894,Zambia,236,Soya beans,2012,Annual value,,,,,,,85.92,E,Annual,2012-01-01
181,716,Zimbabwe,236,Soya beans,2012,Annual value,,,,,520,A,93.41,E,Annual,2012-01-01
3,8,Albania,236,Soya beans,2013,Annual value,,,,,,,103.32,E,Annual,2013-01-01
7,24,Angola,236,Soya beans,2013,Annual value,100000,A,100000,A,1036.1,A,96.92,E,Annual,2013-01-01
9,32,Argentina,236,Soya beans,2013,Annual value,1789,A,1789,A,327.7,A,55.71,E,Annual,2013-01-01
10,36,Australia,236,Soya beans,2013,Annual value,,,,,,,85.54,E,Annual,2013-01-01
11,40,Austria,236,Soya beans,2013,Annual value,394,A,394,A,523.1,A,118.32,E,Annual,2013-01-01
52,31,Azerbaijan,236,Soya beans,2013,Annual value,,,,,,,97.38,E,Annual,2013-01-01
16,50,Bangladesh,236,Soya beans,2013,Annual value,72260,A,72260,A,925.2,A,203.64,E,Annual,2013-01-01
23,84,Belize,236,Soya beans,2013,Annual value,,,,,,,93.46,E,Annual,2013-01-01
18,64,Bhutan,236,Soya beans,2013,Annual value,42000,A,42000,A,716.7,A,57.01,E,Annual,2013-01-01
19,68,Bolivia (Plurinational State of),236,Soya beans,2013,Annual value,2216.4,A,2216.4,A,320.7,A,104.18,E,Annual,2013-01-01
80,70,Bosnia and Herzegovina,236,Soya beans,2013,Annual value,740,A,740,A,502.4,A,122.25,E,Annual,2013-01-01
21,76,Brazil,236,Soya beans,2013,Annual value,1003.3,A,1003.3,A,465.3,A,92.24,E,Annual,2013-01-01
27,100,Bulgaria,236,Soya beans,2013,Annual value,1278,A,1278,A,867.3,A,133.48,E,Annual,2013-01-01
233,854,Burkina Faso,236,Soya beans,2013,Annual value,,,,,,,94.66,E,Annual,2013-01-01
29,108,Burundi,236,Soya beans,2013,Annual value,750000,A,750000,A,482.3,A,97.45,E,Annual,2013-01-01
115,116,Cambodia,236,Soya beans,2013,Annual value,,,,,,,87.97,E,Annual,2013-01-01
32,120,Cameroon,236,Soya beans,2013,Annual value,,,,,,,104.54,E,Annual,2013-01-01
33,124,Canada,236,Soya beans,2013,Annual value,500.7,A,500.7,A,486.2,A,112.71,E,Annual,2013-01-01
41,156,"China, mainland",236,Soya beans,2013,Annual value,4200,A,4200,A,677.9,A,88.48,E,Annual,2013-01-01
44,170,Colombia,236,Soya beans,2013,Annual value,1185119.4,A,1185119.4,A,634.2,A,100.62,E,Annual,2013-01-01
107,384,Côte d'Ivoire,236,Soya beans,2013,Annual value,,,,,,,83.28,E,Annual,2013-01-01
98,191,Croatia,236,Soya beans,2013,Annual value,3022.2,A,401.1,A,529.8,A,128.15,E,Annual,2013-01-01
167,203,Czechia,236,Soya beans,2013,Annual value,,,,,,,111.02,E,Annual,2013-01-01
58,218,Ecuador,236,Soya beans,2013,Annual value,574.2,A,574.2,A,574.2,A,97.3,E,Annual,2013-01-01
59,818,Egypt,236,Soya beans,2013,Annual value,4214,A,4214,A,613.4,A,96.85,E,Annual,2013-01-01
60,222,El Salvador,236,Soya beans,2013,Annual value,,,,,,,91.62,E,Annual,2013-01-01
238,231,Ethiopia,236,Soya beans,2013,Annual value,8040,A,8040,A,431.6,A,97.26,E,Annual,2013-01-01
68,250,France,236,Soya beans,2013,Annual value,445.1,A,445.1,A,590.9,A,127.2,E,Annual,2013-01-01
73,268,Georgia,236,Soya beans,2013,Annual value,,,,,,,116.04,E,Annual,2013-01-01
79,276,Germany,236,Soya beans,2013,Annual value,,,,,,,107.61,E,Annual,2013-01-01
84,300,Greece,236,Soya beans,2013,Annual value,,,,,,,114.34,E,Annual,2013-01-01
95,340,Honduras,236,Soya beans,2013,Annual value,,,,,,,96.79,E,Annual,2013-01-01
97,348,Hungary,236,Soya beans,2013,Annual value,127227,A,127227,A,568.8,A,121.08,E,Annual,2013-01-01
100,356,India,236,Soya beans,2013,Annual value,,,,,,,87.32,E,Annual,2013-01-01
101,360,Indonesia,236,Soya beans,2013,Annual value,7724470,A,7724470,A,738.4,A,92.93,E,Annual,2013-01-01
102,364,Iran (Islamic Republic of),236,Soya beans,2013,Annual value,16299800,A,16299800,A,885.2,A,84.85,E,Annual,2013-01-01
106,380,Italy,236,Soya beans,2013,Annual value,,,,,,,126.62,E,Annual,2013-01-01
110,392,Japan,236,Soya beans,2013,Annual value,107850,A,107850,A,1105.1,A,69.82,E,Annual,2013-01-01
108,398,Kazakhstan,236,Soya beans,2013,Annual value,70267,A,70267,A,461.9,A,98.69,E,Annual,2013-01-01
113,417,Kyrgyzstan,236,Soya beans,2013,Annual value,,,,,,,116.73,E,Annual,2013-01-01
120,418,Lao People's Democratic Republic,236,Soya beans,2013,Annual value,7543750,A,7543750,A,959.7,A,90.77,E,Annual,2013-01-01
119,428,Latvia,236,Soya beans,2013,Annual value,,,,,,,107.13,E,Annual,2013-01-01
129,450,Madagascar,236,Soya beans,2013,Annual value,,,,,,,99.05,E,Annual,2013-01-01
130,454,Malawi,236,Soya beans,2013,Annual value,245692.7,A,245692.7,A,674.2,A,72.25,E,Annual,2013-01-01
131,458,Malaysia,236,Soya beans,2013,Annual value,,,,,,,110.76,E,Annual,2013-01-01
133,466,Mali,236,Soya beans,2013,Annual value,,,,,,,108.37,E,Annual,2013-01-01
138,484,Mexico,236,Soya beans,2013,Annual value,6306.8,A,6306.8,A,493.8,A,104.96,E,Annual,2013-01-01
143,504,Morocco,236,Soya beans,2013,Annual value,,,,,,,117.32,E,Annual,2013-01-01
28,104,Myanmar,236,Soya beans,2013,Annual value,548921,A,548921,A,,,89.15,E,Annual,2013-01-01
149,524,Nepal,236,Soya beans,2013,Annual value,71230,A,71230,A,766,A,78,E,Annual,2013-01-01
157,558,Nicaragua,236,Soya beans,2013,Annual value,,,,,,,55.03,E,Annual,2013-01-01
159,566,Nigeria,236,Soya beans,2013,Annual value,70010,A,70010,A,445,A,68.28,E,Annual,2013-01-01
154,807,North Macedonia,236,Soya beans,2013,Annual value,39550.7,A,39550.7,A,852.5,A,189.06,E,Annual,2013-01-01
165,586,Pakistan,236,Soya beans,2013,Annual value,,,,,,,89.32,E,Annual,2013-01-01
166,591,Panama,236,Soya beans,2013,Annual value,,,,,,,105.26,E,Annual,2013-01-01
169,600,Paraguay,236,Soya beans,2013,Annual value,1862000,A,1862000,A,431,A,100.13,E,Annual,2013-01-01
170,604,Peru,236,Soya beans,2013,Annual value,2190,A,2190,A,810.5,A,92.12,E,Annual,2013-01-01
171,608,Philippines,236,Soya beans,2013,Annual value,22140,A,22140,A,521.6,A,94.12,E,Annual,2013-01-01
173,616,Poland,236,Soya beans,2013,Annual value,,,,,,,99.48,E,Annual,2013-01-01
117,410,Republic of Korea,236,Soya beans,2013,Annual value,,,,,,,95.05,E,Annual,2013-01-01
146,498,Republic of Moldova,236,Soya beans,2013,Annual value,5210,A,5210,A,413.9,A,91.55,E,Annual,2013-01-01
183,642,Romania,236,Soya beans,2013,Annual value,1830,A,1830,A,549.9,A,132.29,E,Annual,2013-01-01
185,643,Russian Federation,236,Soya beans,2013,Annual value,14987,A,14987,A,470.7,A,75.61,E,Annual,2013-01-01
184,646,Rwanda,236,Soya beans,2013,Annual value,426022.2,A,426022.2,A,658.8,A,90.78,E,Annual,2013-01-01
272,688,Serbia,236,Soya beans,2013,Annual value,43650,A,43650,A,512.6,A,115.01,E,Annual,2013-01-01
199,703,Slovakia,236,Soya beans,2013,Annual value,384.4,A,384.4,A,510.4,A,115.96,E,Annual,2013-01-01
198,705,Slovenia,236,Soya beans,2013,Annual value,381.7,A,381.7,A,506.8,A,123.13,E,Annual,2013-01-01
202,710,South Africa,236,Soya beans,2013,Annual value,4691,A,4691,A,485.9,A,85.4,E,Annual,2013-01-01
203,724,Spain,236,Soya beans,2013,Annual value,443.7,A,443.7,A,589.1,A,93.15,E,Annual,2013-01-01
38,144,Sri Lanka,236,Soya beans,2013,Annual value,90316.9,A,90316.9,A,699.8,A,67.16,E,Annual,2013-01-01
207,740,Suriname,236,Soya beans,2013,Annual value,12400,A,12400,A,3757.6,A,90.96,E,Annual,2013-01-01
211,756,Switzerland,236,Soya beans,2013,Annual value,,,,,,,101.11,E,Annual,2013-01-01
212,760,Syrian Arab Republic,236,Soya beans,2013,Annual value,,,,,,,96.74,E,Annual,2013-01-01
208,762,Tajikistan,236,Soya beans,2013,Annual value,,,,,,,114.15,E,Annual,2013-01-01
216,764,Thailand,236,Soya beans,2013,Annual value,18510,A,18510,A,602.4,A,119.63,E,Annual,2013-01-01
176,626,Timor-Leste,236,Soya beans,2013,Annual value,,,,,,,96.09,E,Annual,2013-01-01
223,792,Türkiye,236,Soya beans,2013,Annual value,993,A,993,A,521.6,A,88.15,E,Annual,2013-01-01
230,804,Ukraine,236,Soya beans,2013,Annual value,3466,A,3466,A,433.6,A,49.51,E,Annual,2013-01-01
215,834,United Republic of Tanzania,236,Soya beans,2013,Annual value,1268248,A,1268248,A,792.4,A,98.94,E,Annual,2013-01-01
231,840,United States of America,236,Soya beans,2013,Annual value,478,A,478,A,478,A,136.83,E,Annual,2013-01-01
234,858,Uruguay,236,Soya beans,2013,Annual value,10210.1,A,10210.1,A,498.5,A,99.35,E,Annual,2013-01-01
236,862,Venezuela (Bolivarian Republic of),236,Soya beans,2013,Annual value,5490,A,5490,A,907.7,A,,,Annual,2013-01-01
237,704,Viet Nam,236,Soya beans,2013,Annual value,17743000,A,17743000,A,847.6,A,98.69,E,Annual,2013-01-01
251,894,Zambia,236,Soya beans,2013,Annual value,,,,,,,90.61,E,Annual,2013-01-01
181,716,Zimbabwe,236,Soya beans,2013,Annual value,188188,A,520,A,520,A,93.41,E,Annual,2013-01-01
3,8,Albania,236,Soya beans,2014,Annual value,100833.3,A,100833.3,A,956,A,113.69,E,Annual,2014-01-01
7,24,Angola,236,Soya beans,2014,Annual value,100000,A,100000,A,1017.3,A,96.92,E,Annual,2014-01-01
9,32,Argentina,236,Soya beans,2014,Annual value,2483.5,A,2483.5,A,307.5,A,77.34,E,Annual,2014-01-01
10,36,Australia,236,Soya beans,2014,Annual value,,,,,,,91.98,E,Annual,2014-01-01
11,40,Austria,236,Soya beans,2014,Annual value,347,A,347,A,460.4,A,104.2,E,Annual,2014-01-01
52,31,Azerbaijan,236,Soya beans,2014,Annual value,,,,,,,98.79,E,Annual,2014-01-01
16,50,Bangladesh,236,Soya beans,2014,Annual value,34940,A,34940,A,450,A,98.46,E,Annual,2014-01-01
23,84,Belize,236,Soya beans,2014,Annual value,,,,,,,94.1,E,Annual,2014-01-01
18,64,Bhutan,236,Soya beans,2014,Annual value,49000,A,49000,A,802.9,A,66.52,E,Annual,2014-01-01
19,68,Bolivia (Plurinational State of),236,Soya beans,2014,Annual value,2504.8,A,2504.8,A,362.5,A,117.73,E,Annual,2014-01-01
80,70,Bosnia and Herzegovina,236,Soya beans,2014,Annual value,654,A,654,A,443.6,A,108.04,E,Annual,2014-01-01
21,76,Brazil,236,Soya beans,2014,Annual value,1008.3,A,1008.3,A,428.5,A,92.7,E,Annual,2014-01-01
27,100,Bulgaria,236,Soya beans,2014,Annual value,1207,A,1207,A,818.8,A,126.06,E,Annual,2014-01-01
233,854,Burkina Faso,236,Soya beans,2014,Annual value,,,,,,,97.47,E,Annual,2014-01-01
29,108,Burundi,236,Soya beans,2014,Annual value,750000,A,750000,A,484.9,A,97.45,E,Annual,2014-01-01
115,116,Cambodia,236,Soya beans,2014,Annual value,,,,,,,92.68,E,Annual,2014-01-01
32,120,Cameroon,236,Soya beans,2014,Annual value,,,,,,,108.86,E,Annual,2014-01-01
33,124,Canada,236,Soya beans,2014,Annual value,458.1,A,458.1,A,414.2,A,103.13,E,Annual,2014-01-01
41,156,"China, mainland",236,Soya beans,2014,Annual value,5343,A,5343,A,869.7,A,112.56,E,Annual,2014-01-01
44,170,Colombia,236,Soya beans,2014,Annual value,1196114.9,A,1196114.9,A,597.5,A,101.55,E,Annual,2014-01-01
107,384,Côte d'Ivoire,236,Soya beans,2014,Annual value,,,,,,,90.38,E,Annual,2014-01-01
98,191,Croatia,236,Soya beans,2014,Annual value,2342.1,A,310.8,A,407.4,A,99.31,E,Annual,2014-01-01
167,203,Czechia,236,Soya beans,2014,Annual value,,,,,,,101.83,E,Annual,2014-01-01
58,218,Ecuador,236,Soya beans,2014,Annual value,579,A,579,A,579,A,98.13,E,Annual,2014-01-01
59,818,Egypt,236,Soya beans,2014,Annual value,4262,A,4262,A,602.2,A,97.95,E,Annual,2014-01-01
60,222,El Salvador,236,Soya beans,2014,Annual value,,,,,,,97.63,E,Annual,2014-01-01
238,231,Ethiopia,236,Soya beans,2014,Annual value,7830,A,7830,A,399.8,A,94.72,E,Annual,2014-01-01
68,250,France,236,Soya beans,2014,Annual value,358.6,A,358.6,A,475.7,A,102.48,E,Annual,2014-01-01
73,268,Georgia,236,Soya beans,2014,Annual value,,,,,,,114.42,E,Annual,2014-01-01
79,276,Germany,236,Soya beans,2014,Annual value,,,,,,,92.53,E,Annual,2014-01-01
84,300,Greece,236,Soya beans,2014,Annual value,,,,,,,100.25,E,Annual,2014-01-01
95,340,Honduras,236,Soya beans,2014,Annual value,,,,,,,98.39,E,Annual,2014-01-01
97,348,Hungary,236,Soya beans,2014,Annual value,107842,A,107842,A,463.6,A,102.63,E,Annual,2014-01-01
100,356,India,236,Soya beans,2014,Annual value,,,,,,,94.65,E,Annual,2014-01-01
101,360,Indonesia,236,Soya beans,2014,Annual value,8326360,A,8326360,A,701.7,A,100.17,E,Annual,2014-01-01
102,364,Iran (Islamic Republic of),236,Soya beans,2014,Annual value,16898500,A,16898500,A,651.4,A,87.97,E,Annual,2014-01-01
106,380,Italy,236,Soya beans,2014,Annual value,,,,,,,106.67,E,Annual,2014-01-01
110,392,Japan,236,Soya beans,2014,Annual value,163066.7,A,163066.7,A,1539.2,A,105.57,E,Annual,2014-01-01
108,398,Kazakhstan,236,Soya beans,2014,Annual value,70153,A,70153,A,391.5,A,98.53,E,Annual,2014-01-01
113,417,Kyrgyzstan,236,Soya beans,2014,Annual value,,,,,,,120.16,E,Annual,2014-01-01
120,418,Lao People's Democratic Republic,236,Soya beans,2014,Annual value,,,,,,,96.39,E,Annual,2014-01-01
119,428,Latvia,236,Soya beans,2014,Annual value,,,,,,,87.76,E,Annual,2014-01-01
129,450,Madagascar,236,Soya beans,2014,Annual value,,,,,,,99.52,E,Annual,2014-01-01
130,454,Malawi,236,Soya beans,2014,Annual value,270829.8,A,270829.8,A,637.4,A,79.64,E,Annual,2014-01-01
131,458,Malaysia,236,Soya beans,2014,Annual value,,,,,,,110.51,E,Annual,2014-01-01
133,466,Mali,236,Soya beans,2014,Annual value,,,,,,,109.95,E,Annual,2014-01-01
138,484,Mexico,236,Soya beans,2014,Annual value,5404.4,A,5404.4,A,406.6,A,89.94,E,Annual,2014-01-01
143,504,Morocco,236,Soya beans,2014,Annual value,,,,,,,106.92,E,Annual,2014-01-01
28,104,Myanmar,236,Soya beans,2014,Annual value,593840,A,593840,A,,,96.44,E,Annual,2014-01-01
149,524,Nepal,236,Soya beans,2014,Annual value,81914.5,A,81914.5,A,823,A,89.69,E,Annual,2014-01-01
157,558,Nicaragua,236,Soya beans,2014,Annual value,,,,,,,74.57,E,Annual,2014-01-01
159,566,Nigeria,236,Soya beans,2014,Annual value,,,,,,,92.4,E,Annual,2014-01-01
154,807,North Macedonia,236,Soya beans,2014,Annual value,27524.3,A,27524.3,A,592.7,A,131.57,E,Annual,2014-01-01
165,586,Pakistan,236,Soya beans,2014,Annual value,,,,,,,95.04,E,Annual,2014-01-01
166,591,Panama,236,Soya beans,2014,Annual value,,,,,,,94.71,E,Annual,2014-01-01
169,600,Paraguay,236,Soya beans,2014,Annual value,2033000,A,2033000,A,455.6,A,109.32,E,Annual,2014-01-01
170,604,Peru,236,Soya beans,2014,Annual value,2184,A,2184,A,769.3,A,91.87,E,Annual,2014-01-01
171,608,Philippines,236,Soya beans,2014,Annual value,23610,A,23610,A,531.8,A,100.37,E,Annual,2014-01-01
173,616,Poland,236,Soya beans,2014,Annual value,,,,,,,89.15,E,Annual,2014-01-01
117,410,Republic of Korea,236,Soya beans,2014,Annual value,,,,,,,93.21,E,Annual,2014-01-01
146,498,Republic of Moldova,236,Soya beans,2014,Annual value,4930,A,4930,A,351.2,A,86.63,E,Annual,2014-01-01
183,642,Romania,236,Soya beans,2014,Annual value,1430,A,1430,A,427,A,103.37,E,Annual,2014-01-01
185,643,Russian Federation,236,Soya beans,2014,Annual value,16972,A,16972,A,442.2,A,85.62,E,Annual,2014-01-01
184,646,Rwanda,236,Soya beans,2014,Annual value,500257.4,A,500257.4,A,733.7,A,106.6,E,Annual,2014-01-01
272,688,Serbia,236,Soya beans,2014,Annual value,37910,A,37910,A,428.8,A,99.89,E,Annual,2014-01-01
199,703,Slovakia,236,Soya beans,2014,Annual value,343.9,A,343.9,A,456.3,A,103.75,E,Annual,2014-01-01
198,705,Slovenia,236,Soya beans,2014,Annual value,321.8,A,321.8,A,426.9,A,103.81,E,Annual,2014-01-01
202,710,South Africa,236,Soya beans,2014,Annual value,5549,A,5549,A,511.3,A,101.03,E,Annual,2014-01-01
203,724,Spain,236,Soya beans,2014,Annual value,493.6,A,493.6,A,654.9,A,103.63,E,Annual,2014-01-01
38,144,Sri Lanka,236,Soya beans,2014,Annual value,,,,,,,71.43,E,Annual,2014-01-01
207,740,Suriname,236,Soya beans,2014,Annual value,12070,A,12070,A,3657.6,A,88.54,E,Annual,2014-01-01
211,756,Switzerland,236,Soya beans,2014,Annual value,,,,,,,102.2,E,Annual,2014-01-01
212,760,Syrian Arab Republic,236,Soya beans,2014,Annual value,,,,,,,98.37,E,Annual,2014-01-01
208,762,Tajikistan,236,Soya beans,2014,Annual value,,,,,,,87.32,E,Annual,2014-01-01
216,764,Thailand,236,Soya beans,2014,Annual value,15710,A,15710,A,483.7,A,101.53,E,Annual,2014-01-01
176,626,Timor-Leste,236,Soya beans,2014,Annual value,,,,,,,98.22,E,Annual,2014-01-01
223,792,Türkiye,236,Soya beans,2014,Annual value,1137.6,A,1137.6,A,519.8,A,100.99,E,Annual,2014-01-01
230,804,Ukraine,236,Soya beans,2014,Annual value,4651,A,4651,A,391.3,A,66.44,E,Annual,2014-01-01
215,834,United Republic of Tanzania,236,Soya beans,2014,Annual value,1272420,A,1272420,A,769.3,A,99.27,E,Annual,2014-01-01
231,840,United States of America,236,Soya beans,2014,Annual value,371,A,371,A,371,A,106.2,E,Annual,2014-01-01
234,858,Uruguay,236,Soya beans,2014,Annual value,10641.4,A,10641.4,A,457.8,A,103.55,E,Annual,2014-01-01
236,862,Venezuela (Bolivarian Republic of),236,Soya beans,2014,Annual value,6740,A,6740,A,1072.5,A,,,Annual,2014-01-01
237,704,Viet Nam,236,Soya beans,2014,Annual value,18010000,A,18010000,A,851.6,A,100.17,E,Annual,2014-01-01
251,894,Zambia,236,Soya beans,2014,Annual value,,,,,,,95.31,E,Annual,2014-01-01
181,716,Zimbabwe,236,Soya beans,2014,Annual value,580,A,580,A,580,A,104.19,E,Annual,2014-01-01
3,8,Albania,236,Soya beans,2015,Annual value,100000,A,100000,A,793.9,A,112.75,E,Annual,2015-01-01
7,24,Angola,236,Soya beans,2015,Annual value,,,,,,,101.35,E,Annual,2015-01-01
9,32,Argentina,236,Soya beans,2015,Annual value,,,,,,,88.35,E,Annual,2015-01-01
10,36,Australia,236,Soya beans,2015,Annual value,,,,,,,102.29,E,Annual,2015-01-01
11,40,Austria,236,Soya beans,2015,Annual value,319,A,319,A,353.8,A,95.8,E,Annual,2015-01-01
52,31,Azerbaijan,236,Soya beans,2015,Annual value,,,,,,,99.59,E,Annual,2015-01-01
16,50,Bangladesh,236,Soya beans,2015,Annual value,35485,A,35485,A,455.2,A,100,E,Annual,2015-01-01
23,84,Belize,236,Soya beans,2015,Annual value,,,,,,,99.67,E,Annual,2015-01-01
18,64,Bhutan,236,Soya beans,2015,Annual value,119000,A,119000,A,1855,A,161.54,E,Annual,2015-01-01
19,68,Bolivia (Plurinational State of),236,Soya beans,2015,Annual value,2024.8,A,2024.8,A,293,A,95.17,E,Annual,2015-01-01
80,70,Bosnia and Herzegovina,236,Soya beans,2015,Annual value,597,A,597,A,338.5,A,98.62,E,Annual,2015-01-01
21,76,Brazil,236,Soya beans,2015,Annual value,1055,A,1055,A,317.1,A,96.99,E,Annual,2015-01-01
27,100,Bulgaria,236,Soya beans,2015,Annual value,947.4,A,947.4,A,536.9,A,98.95,E,Annual,2015-01-01
233,854,Burkina Faso,236,Soya beans,2015,Annual value,,,,,,,99.71,E,Annual,2015-01-01
29,108,Burundi,236,Soya beans,2015,Annual value,,,,,,,99.33,E,Annual,2015-01-01
115,116,Cambodia,236,Soya beans,2015,Annual value,,,,,,,101.98,E,Annual,2015-01-01
32,120,Cameroon,236,Soya beans,2015,Annual value,,,,,,,94.99,E,Annual,2015-01-01
33,124,Canada,236,Soya beans,2015,Annual value,421.6,A,421.6,A,329.6,A,94.91,E,Annual,2015-01-01
41,156,"China, mainland",236,Soya beans,2015,Annual value,5033,A,5033,A,808.2,A,106.03,E,Annual,2015-01-01
44,170,Colombia,236,Soya beans,2015,Annual value,1267566.7,A,1267566.7,A,462.3,A,107.62,E,Annual,2015-01-01
107,384,Côte d'Ivoire,236,Soya beans,2015,Annual value,,,,,,,96.57,E,Annual,2015-01-01
98,191,Croatia,236,Soya beans,2015,Annual value,2406.2,A,319.4,A,350.8,A,102.03,E,Annual,2015-01-01
167,203,Czechia,236,Soya beans,2015,Annual value,,,,,,,98.99,E,Annual,2015-01-01
58,218,Ecuador,236,Soya beans,2015,Annual value,598.4,A,598.4,A,598.4,A,101.41,E,Annual,2015-01-01
59,818,Egypt,236,Soya beans,2015,Annual value,4371,A,4371,A,568.3,A,100.46,E,Annual,2015-01-01
60,222,El Salvador,236,Soya beans,2015,Annual value,,,,,,,102.07,E,Annual,2015-01-01
238,231,Ethiopia,236,Soya beans,2015,Annual value,8580,A,8580,A,417,A,103.79,E,Annual,2015-01-01
68,250,France,236,Soya beans,2015,Annual value,347.4,A,347.4,A,385.3,A,99.29,E,Annual,2015-01-01
73,268,Georgia,236,Soya beans,2015,Annual value,,,,,,,92.66,E,Annual,2015-01-01
79,276,Germany,236,Soya beans,2015,Annual value,,,,,,,102.85,E,Annual,2015-01-01
84,300,Greece,236,Soya beans,2015,Annual value,,,,,,,99.93,E,Annual,2015-01-01
95,340,Honduras,236,Soya beans,2015,Annual value,,,,,,,100,E,Annual,2015-01-01
97,348,Hungary,236,Soya beans,2015,Annual value,102110,A,102110,A,365.6,A,97.17,E,Annual,2015-01-01
100,356,India,236,Soya beans,2015,Annual value,,,,,,,100.36,E,Annual,2015-01-01
101,360,Indonesia,236,Soya beans,2015,Annual value,8326990,A,8326990,A,621.9,A,100.17,E,Annual,2015-01-01
102,364,Iran (Islamic Republic of),236,Soya beans,2015,Annual value,18713700,A,18713700,A,645,A,97.42,E,Annual,2015-01-01
106,380,Italy,236,Soya beans,2015,Annual value,,,,,,,96.38,E,Annual,2015-01-01
110,392,Japan,236,Soya beans,2015,Annual value,155483.3,A,155483.3,A,1284.5,A,100.66,E,Annual,2015-01-01
108,398,Kazakhstan,236,Soya beans,2015,Annual value,68153,A,68153,A,307.4,A,95.72,E,Annual,2015-01-01
113,417,Kyrgyzstan,236,Soya beans,2015,Annual value,,,,,,,94.86,E,Annual,2015-01-01
120,418,Lao People's Democratic Republic,236,Soya beans,2015,Annual value,,,,,,,99.46,E,Annual,2015-01-01
119,428,Latvia,236,Soya beans,2015,Annual value,,,,,,,103.62,E,Annual,2015-01-01
129,450,Madagascar,236,Soya beans,2015,Annual value,,,,,,,100,E,Annual,2015-01-01
130,454,Malawi,236,Soya beans,2015,Annual value,319520,A,319520,A,639.5,A,93.95,E,Annual,2015-01-01
131,458,Malaysia,236,Soya beans,2015,Annual value,,,,,,,91.18,E,Annual,2015-01-01
133,466,Mali,236,Soya beans,2015,Annual value,,,,,,,94.5,E,Annual,2015-01-01
138,484,Mexico,236,Soya beans,2015,Annual value,5799.8,A,5799.8,A,366,A,96.52,E,Annual,2015-01-01
143,504,Morocco,236,Soya beans,2015,Annual value,,,,,,,91.58,E,Annual,2015-01-01
28,104,Myanmar,236,Soya beans,2015,Annual value,610680,A,610680,A,,,99.18,E,Annual,2015-01-01
149,524,Nepal,236,Soya beans,2015,Annual value,94201.7,A,94201.7,A,919.9,A,103.15,E,Annual,2015-01-01
157,558,Nicaragua,236,Soya beans,2015,Annual value,,,,,,,99.11,E,Annual,2015-01-01
159,566,Nigeria,236,Soya beans,2015,Annual value,,,,,,,95.33,E,Annual,2015-01-01
154,807,North Macedonia,236,Soya beans,2015,Annual value,17602.4,A,17602.4,A,316.9,A,84.14,E,Annual,2015-01-01
165,586,Pakistan,236,Soya beans,2015,Annual value,,,,,,,99.73,E,Annual,2015-01-01
166,591,Panama,236,Soya beans,2015,Annual value,,,,,,,101.7,E,Annual,2015-01-01
169,600,Paraguay,236,Soya beans,2015,Annual value,1678000,A,1678000,A,322.4,A,90.23,E,Annual,2015-01-01
170,604,Peru,236,Soya beans,2015,Annual value,2432,A,2432,A,763.7,A,102.3,E,Annual,2015-01-01
171,608,Philippines,236,Soya beans,2015,Annual value,23678,A,23678,A,520.4,A,100.66,E,Annual,2015-01-01
173,616,Poland,236,Soya beans,2015,Annual value,,,,,,,101.64,E,Annual,2015-01-01
117,410,Republic of Korea,236,Soya beans,2015,Annual value,,,,,,,101.65,E,Annual,2015-01-01
146,498,Republic of Moldova,236,Soya beans,2015,Annual value,5993,A,5993,A,318.5,A,105.31,E,Annual,2015-01-01
183,642,Romania,236,Soya beans,2015,Annual value,1330,A,1330,A,332,A,96.14,E,Annual,2015-01-01
185,643,Russian Federation,236,Soya beans,2015,Annual value,19030,A,19030,A,312.3,A,96.01,E,Annual,2015-01-01
184,646,Rwanda,236,Soya beans,2015,Annual value,476548.5,A,476548.5,A,661,A,101.54,E,Annual,2015-01-01
272,688,Serbia,236,Soya beans,2015,Annual value,38310,A,38310,A,352.1,A,100.94,E,Annual,2015-01-01
199,703,Slovakia,236,Soya beans,2015,Annual value,324.8,A,324.8,A,360.3,A,97.99,E,Annual,2015-01-01
198,705,Slovenia,236,Soya beans,2015,Annual value,293.2,A,293.2,A,325.2,A,94.58,E,Annual,2015-01-01
202,710,South Africa,236,Soya beans,2015,Annual value,4732,A,4732,A,370.9,A,86.15,E,Annual,2015-01-01
203,724,Spain,236,Soya beans,2015,Annual value,476.3,A,476.3,A,528.3,A,100,E,Annual,2015-01-01
38,144,Sri Lanka,236,Soya beans,2015,Annual value,132415.7,A,132415.7,A,974.7,A,98.47,E,Annual,2015-01-01
207,740,Suriname,236,Soya beans,2015,Annual value,11328,A,11328,A,3315.5,A,83.09,E,Annual,2015-01-01
211,756,Switzerland,236,Soya beans,2015,Annual value,,,,,,,99.49,E,Annual,2015-01-01
212,760,Syrian Arab Republic,236,Soya beans,2015,Annual value,,,,,,,100,E,Annual,2015-01-01
208,762,Tajikistan,236,Soya beans,2015,Annual value,,,,,,,99.84,E,Annual,2015-01-01
216,764,Thailand,236,Soya beans,2015,Annual value,14890,A,14890,A,434.8,A,96.23,E,Annual,2015-01-01
176,626,Timor-Leste,236,Soya beans,2015,Annual value,,,,,,,100.04,E,Annual,2015-01-01
223,792,Türkiye,236,Soya beans,2015,Annual value,1092,A,1092,A,401.5,A,96.95,E,Annual,2015-01-01
230,804,Ukraine,236,Soya beans,2015,Annual value,7454,A,7454,A,341.2,A,106.49,E,Annual,2015-01-01
215,834,United Republic of Tanzania,236,Soya beans,2015,Annual value,1283936,A,1283936,A,644.7,A,100.16,E,Annual,2015-01-01
231,840,United States of America,236,Soya beans,2015,Annual value,329,A,329,A,329,A,94.18,E,Annual,2015-01-01
234,858,Uruguay,236,Soya beans,2015,Annual value,9142.2,A,9142.2,A,334.5,A,88.96,E,Annual,2015-01-01
237,704,Viet Nam,236,Soya beans,2015,Annual value,17907000,A,17907000,A,825.3,A,99.6,E,Annual,2015-01-01
251,894,Zambia,236,Soya beans,2015,Annual value,,,,,,,100,E,Annual,2015-01-01
181,716,Zimbabwe,236,Soya beans,2015,Annual value,550,A,550,A,550,A,98.8,E,Annual,2015-01-01
3,8,Albania,236,Soya beans,2016,Annual value,65233.5,A,65233.5,A,525.5,A,73.55,E,Annual,2016-01-01
7,24,Angola,236,Soya beans,2016,Annual value,,,,,,,101.73,E,Annual,2016-01-01
9,32,Argentina,236,Soya beans,2016,Annual value,,,,,,,134.31,E,Annual,2016-01-01
10,36,Australia,236,Soya beans,2016,Annual value,,,,,,,105.73,E,Annual,2016-01-01
11,40,Austria,236,Soya beans,2016,Annual value,333,A,333,A,368.3,A,100,E,Annual,2016-01-01
52,31,Azerbaijan,236,Soya beans,2016,Annual value,,,,,,,101.61,E,Annual,2016-01-01
16,50,Bangladesh,236,Soya beans,2016,Annual value,36030,A,36030,A,458.1,A,101.54,E,Annual,2016-01-01
23,84,Belize,236,Soya beans,2016,Annual value,,,,,,,106.23,E,Annual,2016-01-01
18,64,Bhutan,236,Soya beans,2016,Annual value,53000,A,53000,A,788.7,A,71.95,E,Annual,2016-01-01
19,68,Bolivia (Plurinational State of),236,Soya beans,2016,Annual value,1853,A,1853,A,268.2,A,87.1,E,Annual,2016-01-01
80,70,Bosnia and Herzegovina,236,Soya beans,2016,Annual value,565,A,565,A,319.5,A,93.34,E,Annual,2016-01-01
21,76,Brazil,236,Soya beans,2016,Annual value,1200,A,1200,A,343.7,A,110.32,E,Annual,2016-01-01
27,100,Bulgaria,236,Soya beans,2016,Annual value,718,A,718,A,406.1,A,74.99,E,Annual,2016-01-01
233,854,Burkina Faso,236,Soya beans,2016,Annual value,,,,,,,102.82,E,Annual,2016-01-01
29,108,Burundi,236,Soya beans,2016,Annual value,,,,,,,103.21,E,Annual,2016-01-01
115,116,Cambodia,236,Soya beans,2016,Annual value,,,,,,,105.34,E,Annual,2016-01-01
32,120,Cameroon,236,Soya beans,2016,Annual value,,,,,,,96.16,E,Annual,2016-01-01
33,124,Canada,236,Soya beans,2016,Annual value,452.9,A,452.9,A,341.7,A,101.96,E,Annual,2016-01-01
41,156,"China, mainland",236,Soya beans,2016,Annual value,3864,A,3864,A,581.5,A,81.4,E,Annual,2016-01-01
44,170,Colombia,236,Soya beans,2016,Annual value,,,,,,,90.83,E,Annual,2016-01-01
107,384,Côte d'Ivoire,236,Soya beans,2016,Annual value,,,,,,,113.05,E,Annual,2016-01-01
98,191,Croatia,236,Soya beans,2016,Annual value,2326.9,A,308.8,A,341.9,A,98.66,E,Annual,2016-01-01
167,203,Czechia,236,Soya beans,2016,Annual value,,,,,,,99.19,E,Annual,2016-01-01
58,218,Ecuador,236,Soya beans,2016,Annual value,592.8,A,592.8,A,592.8,A,100.46,E,Annual,2016-01-01
59,818,Egypt,236,Soya beans,2016,Annual value,4420,A,4420,A,440.9,A,101.59,E,Annual,2016-01-01
60,222,El Salvador,236,Soya beans,2016,Annual value,,,,,,,100.3,E,Annual,2016-01-01
238,231,Ethiopia,236,Soya beans,2016,Annual value,8390,A,8390,A,386.1,A,101.49,E,Annual,2016-01-01
68,250,France,236,Soya beans,2016,Annual value,343.7,A,343.7,A,380.2,A,98.23,E,Annual,2016-01-01
73,268,Georgia,236,Soya beans,2016,Annual value,,,,,,,92.92,E,Annual,2016-01-01
79,276,Germany,236,Soya beans,2016,Annual value,,,,,,,104.62,E,Annual,2016-01-01
84,300,Greece,236,Soya beans,2016,Annual value,,,,,,,99.82,E,Annual,2016-01-01
95,340,Honduras,236,Soya beans,2016,Annual value,,,,,,,101.61,E,Annual,2016-01-01
97,348,Hungary,236,Soya beans,2016,Annual value,105287,A,105287,A,374,A,100.2,E,Annual,2016-01-01
100,356,India,236,Soya beans,2016,Annual value,,,,,,,104.99,E,Annual,2016-01-01
101,360,Indonesia,236,Soya beans,2016,Annual value,8284370,A,8284370,A,622.5,A,99.66,E,Annual,2016-01-01
102,364,Iran (Islamic Republic of),236,Soya beans,2016,Annual value,22015900,A,22015900,A,712.1,A,114.61,E,Annual,2016-01-01
106,380,Italy,236,Soya beans,2016,Annual value,,,,,,,96.96,E,Annual,2016-01-01
110,392,Japan,236,Soya beans,2016,Annual value,144833.3,A,144833.3,A,1331.3,A,93.77,E,Annual,2016-01-01
108,398,Kazakhstan,236,Soya beans,2016,Annual value,75295,A,75295,A,220.1,A,105.75,E,Annual,2016-01-01
113,417,Kyrgyzstan,236,Soya beans,2016,Annual value,,,,,,,84.98,E,Annual,2016-01-01
120,418,Lao People's Democratic Republic,236,Soya beans,2016,Annual value,,,,,,,104.15,E,Annual,2016-01-01
119,428,Latvia,236,Soya beans,2016,Annual value,,,,,,,108.62,E,Annual,2016-01-01
129,450,Madagascar,236,Soya beans,2016,Annual value,,,,,,,100.48,E,Annual,2016-01-01
130,454,Malawi,236,Soya beans,2016,Annual value,429888.5,A,429888.5,A,598.7,A,126.41,E,Annual,2016-01-01
131,458,Malaysia,236,Soya beans,2016,Annual value,,,,,,,98.31,E,Annual,2016-01-01
133,466,Mali,236,Soya beans,2016,Annual value,,,,,,,95.55,E,Annual,2016-01-01
138,484,Mexico,236,Soya beans,2016,Annual value,6822.6,A,6822.6,A,365.5,A,113.54,E,Annual,2016-01-01
143,504,Morocco,236,Soya beans,2016,Annual value,,,,,,,101.5,E,Annual,2016-01-01
28,104,Myanmar,236,Soya beans,2016,Annual value,642733,A,642733,A,,,104.38,E,Annual,2016-01-01
149,524,Nepal,236,Soya beans,2016,Annual value,97862.6,A,97862.6,A,911.3,A,107.16,E,Annual,2016-01-01
157,558,Nicaragua,236,Soya beans,2016,Annual value,,,,,,,126.32,E,Annual,2016-01-01
159,566,Nigeria,236,Soya beans,2016,Annual value,,,,,,,112.26,E,Annual,2016-01-01
154,807,North Macedonia,236,Soya beans,2016,Annual value,,,,,,,84.28,E,Annual,2016-01-01
165,586,Pakistan,236,Soya beans,2016,Annual value,,,,,,,105.23,E,Annual,2016-01-01
166,591,Panama,236,Soya beans,2016,Annual value,,,,,,,103.58,E,Annual,2016-01-01
169,600,Paraguay,236,Soya beans,2016,Annual value,1868000,A,1868000,A,329.4,A,100.45,E,Annual,2016-01-01
170,604,Peru,236,Soya beans,2016,Annual value,2516,A,2516,A,745.5,A,105.83,E,Annual,2016-01-01
171,608,Philippines,236,Soya beans,2016,Annual value,23280,A,23280,A,490.2,A,98.97,E,Annual,2016-01-01
173,616,Poland,236,Soya beans,2016,Annual value,,,,,,,109.21,E,Annual,2016-01-01
117,410,Republic of Korea,236,Soya beans,2016,Annual value,,,,,,,105.14,E,Annual,2016-01-01
146,498,Republic of Moldova,236,Soya beans,2016,Annual value,6150,A,6150,A,308.7,A,108.07,E,Annual,2016-01-01
183,642,Romania,236,Soya beans,2016,Annual value,1390,A,1390,A,342.4,A,100.48,E,Annual,2016-01-01
185,643,Russian Federation,236,Soya beans,2016,Annual value,23463,A,23463,A,349.9,A,118.37,E,Annual,2016-01-01
184,646,Rwanda,236,Soya beans,2016,Annual value,431106.7,A,431106.7,A,547.6,A,91.86,E,Annual,2016-01-01
272,688,Serbia,236,Soya beans,2016,Annual value,37640,A,37640,A,338.3,A,99.17,E,Annual,2016-01-01
199,703,Slovakia,236,Soya beans,2016,Annual value,325.7,A,325.7,A,360.3,A,98.26,E,Annual,2016-01-01
198,705,Slovenia,236,Soya beans,2016,Annual value,315,A,315,A,348.4,A,101.61,E,Annual,2016-01-01
202,710,South Africa,236,Soya beans,2016,Annual value,6197,A,6197,A,421.3,A,112.82,E,Annual,2016-01-01
203,724,Spain,236,Soya beans,2016,Annual value,459,A,459,A,507.8,A,96.37,E,Annual,2016-01-01
38,144,Sri Lanka,236,Soya beans,2016,Annual value,174954.5,A,174954.5,A,1201.8,A,130.1,E,Annual,2016-01-01
207,740,Suriname,236,Soya beans,2016,Annual value,17500,A,17500,A,2809.6,A,128.37,E,Annual,2016-01-01
211,756,Switzerland,236,Soya beans,2016,Annual value,,,,,,,98.32,E,Annual,2016-01-01
212,760,Syrian Arab Republic,236,Soya beans,2016,Annual value,,,,,,,101.63,E,Annual,2016-01-01
208,762,Tajikistan,236,Soya beans,2016,Annual value,,,,,,,112.84,E,Annual,2016-01-01
216,764,Thailand,236,Soya beans,2016,Annual value,15820,A,15820,A,448.2,A,102.24,E,Annual,2016-01-01
176,626,Timor-Leste,236,Soya beans,2016,Annual value,,,,,,,101.74,E,Annual,2016-01-01
217,768,Togo,236,Soya beans,2016,Annual value,219000,A,219000,A,369.6,A,100,E,Annual,2016-01-01
223,792,Türkiye,236,Soya beans,2016,Annual value,1149.7,A,1149.7,A,380.7,A,102.06,E,Annual,2016-01-01
230,804,Ukraine,236,Soya beans,2016,Annual value,8895,A,8895,A,348.1,A,127.07,E,Annual,2016-01-01
215,834,United Republic of Tanzania,236,Soya beans,2016,Annual value,1289165,A,1289165,A,592.2,A,100.57,E,Annual,2016-01-01
231,840,United States of America,236,Soya beans,2016,Annual value,348,A,348,A,348,A,99.62,E,Annual,2016-01-01
234,858,Uruguay,236,Soya beans,2016,Annual value,11047,A,11047,A,366.2,A,107.49,E,Annual,2016-01-01
237,704,Viet Nam,236,Soya beans,2016,Annual value,18021000,A,18021000,A,821.6,A,100.23,E,Annual,2016-01-01
251,894,Zambia,236,Soya beans,2016,Annual value,,,,,,,104.69,E,Annual,2016-01-01
181,716,Zimbabwe,236,Soya beans,2016,Annual value,540,A,540,A,540,A,97.01,E,Annual,2016-01-01
3,8,Albania,236,Soya beans,2017,Annual value,64190.7,A,64190.7,A,539,A,72.38,E,Annual,2017-01-01
7,24,Angola,236,Soya beans,2017,Annual value,,,,,,,102.17,E,Annual,2017-01-01
9,32,Argentina,236,Soya beans,2017,Annual value,,,,,,,151.97,E,Annual,2017-01-01
10,36,Australia,236,Soya beans,2017,Annual value,,,,,,,107.27,E,Annual,2017-01-01
11,40,Austria,236,Soya beans,2017,Annual value,345,A,345,A,389.7,A,103.6,E,Annual,2017-01-01
52,31,Azerbaijan,236,Soya beans,2017,Annual value,,,,,,,103.5,E,Annual,2017-01-01
16,50,Bangladesh,236,Soya beans,2017,Annual value,37880,A,37880,A,470.9,A,106.75,E,Annual,2017-01-01
23,84,Belize,236,Soya beans,2017,Annual value,,,,,,,113.12,E,Annual,2017-01-01
18,64,Bhutan,236,Soya beans,2017,Annual value,54000,A,54000,A,829.2,A,73.3,E,Annual,2017-01-01
19,68,Bolivia (Plurinational State of),236,Soya beans,2017,Annual value,1965.9,A,1965.9,A,284.5,A,92.4,E,Annual,2017-01-01
80,70,Bosnia and Herzegovina,236,Soya beans,2017,Annual value,649,A,649,A,374,A,107.21,E,Annual,2017-01-01
21,76,Brazil,236,Soya beans,2017,Annual value,,,,,,,106.63,E,Annual,2017-01-01
27,100,Bulgaria,236,Soya beans,2017,Annual value,633.4,A,633.4,A,364.9,A,66.15,E,Annual,2017-01-01
233,854,Burkina Faso,236,Soya beans,2017,Annual value,,,,,,,105.97,E,Annual,2017-01-01
29,108,Burundi,236,Soya beans,2017,Annual value,,,,,,,107.38,E,Annual,2017-01-01
115,116,Cambodia,236,Soya beans,2017,Annual value,,,,,,,120.98,E,Annual,2017-01-01
32,120,Cameroon,236,Soya beans,2017,Annual value,,,,,,,97.65,E,Annual,2017-01-01
33,124,Canada,236,Soya beans,2017,Annual value,446.6,A,446.6,A,344.1,A,100.53,E,Annual,2017-01-01
41,156,"China, mainland",236,Soya beans,2017,Annual value,4031.8,A,4031.8,A,596.5,A,84.94,E,Annual,2017-01-01
44,170,Colombia,236,Soya beans,2017,Annual value,903000,A,903000,A,305.9,A,76.67,E,Annual,2017-01-01
107,384,Côte d'Ivoire,236,Soya beans,2017,Annual value,,,,,,,123.91,E,Annual,2017-01-01
98,191,Croatia,236,Soya beans,2017,Annual value,2675.1,A,355.1,A,403.9,A,113.43,E,Annual,2017-01-01
167,203,Czechia,236,Soya beans,2017,Annual value,,,,,,,103.24,E,Annual,2017-01-01
58,218,Ecuador,236,Soya beans,2017,Annual value,577.1,A,577.1,A,577.1,A,97.79,E,Annual,2017-01-01
59,818,Egypt,236,Soya beans,2017,Annual value,5357,A,5357,A,301.3,A,123.12,E,Annual,2017-01-01
60,222,El Salvador,236,Soya beans,2017,Annual value,,,,,,,93.07,E,Annual,2017-01-01
238,231,Ethiopia,236,Soya beans,2017,Annual value,10070,A,10070,A,421.9,A,121.81,E,Annual,2017-01-01
68,250,France,236,Soya beans,2017,Annual value,346.9,A,346.9,A,391.9,A,99.15,E,Annual,2017-01-01
73,268,Georgia,236,Soya beans,2017,Annual value,,,,,,,90.3,E,Annual,2017-01-01
79,276,Germany,236,Soya beans,2017,Annual value,325,A,325,A,367.1,A,110.03,E,Annual,2017-01-01
84,300,Greece,236,Soya beans,2017,Annual value,,,,,,,99.69,E,Annual,2017-01-01
95,340,Honduras,236,Soya beans,2017,Annual value,,,,,,,103.21,E,Annual,2017-01-01
97,348,Hungary,236,Soya beans,2017,Annual value,111397,A,111397,A,405.9,A,106.01,E,Annual,2017-01-01
100,356,India,236,Soya beans,2017,Annual value,,,,,,,110.08,E,Annual,2017-01-01
101,360,Indonesia,236,Soya beans,2017,Annual value,7759150,A,7759150,A,579.9,A,93.34,E,Annual,2017-01-01
102,364,Iran (Islamic Republic of),236,Soya beans,2017,Annual value,23067800,A,23067800,A,694.3,A,120.09,E,Annual,2017-01-01
106,380,Italy,236,Soya beans,2017,Annual value,,,,,,,105.24,E,Annual,2017-01-01
110,392,Japan,236,Soya beans,2017,Annual value,126283.3,A,126283.3,A,1125.9,A,81.76,E,Annual,2017-01-01
108,398,Kazakhstan,236,Soya beans,2017,Annual value,97142,A,97142,A,298,A,136.43,E,Annual,2017-01-01
113,417,Kyrgyzstan,236,Soya beans,2017,Annual value,,,,,,,88.68,E,Annual,2017-01-01
120,418,Lao People's Democratic Republic,236,Soya beans,2017,Annual value,,,,,,,101.49,E,Annual,2017-01-01
119,428,Latvia,236,Soya beans,2017,Annual value,,,,,,,109.88,E,Annual,2017-01-01
129,450,Madagascar,236,Soya beans,2017,Annual value,,,,,,,100.95,E,Annual,2017-01-01
130,454,Malawi,236,Soya beans,2017,Annual value,394020.9,A,394020.9,A,539.6,A,115.86,E,Annual,2017-01-01
131,458,Malaysia,236,Soya beans,2017,Annual value,,,,,,,98.72,E,Annual,2017-01-01
133,466,Mali,236,Soya beans,2017,Annual value,,,,,,,99.74,E,Annual,2017-01-01
138,484,Mexico,236,Soya beans,2017,Annual value,7013.3,A,7013.3,A,370.6,A,116.71,E,Annual,2017-01-01
143,504,Morocco,236,Soya beans,2017,Annual value,,,,,,,98.21,E,Annual,2017-01-01
28,104,Myanmar,236,Soya beans,2017,Annual value,855556,A,855556,A,,,138.95,E,Annual,2017-01-01
149,524,Nepal,236,Soya beans,2017,Annual value,101214.4,A,101214.4,A,968.4,A,110.83,E,Annual,2017-01-01
157,558,Nicaragua,236,Soya beans,2017,Annual value,,,,,,,152.57,E,Annual,2017-01-01
159,566,Nigeria,236,Soya beans,2017,Annual value,,,,,,,139.95,E,Annual,2017-01-01
154,807,North Macedonia,236,Soya beans,2017,Annual value,,,,,,,88.51,E,Annual,2017-01-01
165,586,Pakistan,236,Soya beans,2017,Annual value,,,,,,,113.95,E,Annual,2017-01-01
166,591,Panama,236,Soya beans,2017,Annual value,,,,,,,100.4,E,Annual,2017-01-01
169,600,Paraguay,236,Soya beans,2017,Annual value,1722000,A,1722000,A,306.5,A,92.6,E,Annual,2017-01-01
170,604,Peru,236,Soya beans,2017,Annual value,2020,A,2020,A,619.5,A,84.97,E,Annual,2017-01-01
171,608,Philippines,236,Soya beans,2017,Annual value,19730,A,19730,A,391.4,A,83.88,E,Annual,2017-01-01
173,616,Poland,236,Soya beans,2017,Annual value,,,,,,,106.44,E,Annual,2017-01-01
117,410,Republic of Korea,236,Soya beans,2017,Annual value,,,,,,,107.95,E,Annual,2017-01-01
146,498,Republic of Moldova,236,Soya beans,2017,Annual value,5893,A,5893,A,318.6,A,103.55,E,Annual,2017-01-01
183,642,Romania,236,Soya beans,2017,Annual value,1340,A,1340,A,330.7,A,96.87,E,Annual,2017-01-01
185,643,Russian Federation,236,Soya beans,2017,Annual value,21138,A,21138,A,362.3,A,106.64,E,Annual,2017-01-01
184,646,Rwanda,236,Soya beans,2017,Annual value,478811.9,A,478811.9,A,575.8,A,102.03,E,Annual,2017-01-01
272,688,Serbia,236,Soya beans,2017,Annual value,45020,A,45020,A,417.8,A,118.62,E,Annual,2017-01-01
199,703,Slovakia,236,Soya beans,2017,Annual value,341.6,A,341.6,A,385.9,A,103.06,E,Annual,2017-01-01
198,705,Slovenia,236,Soya beans,2017,Annual value,319.4,A,319.4,A,360.8,A,103.03,E,Annual,2017-01-01
202,710,South Africa,236,Soya beans,2017,Annual value,4844,A,4844,A,363.3,A,88.19,E,Annual,2017-01-01
203,724,Spain,236,Soya beans,2017,Annual value,455.1,A,455.1,A,514.1,A,95.53,E,Annual,2017-01-01
38,144,Sri Lanka,236,Soya beans,2017,Annual value,84274.6,A,84274.6,A,552.8,A,62.67,E,Annual,2017-01-01
207,740,Suriname,236,Soya beans,2017,Annual value,16050,A,16050,A,2143.5,A,117.73,E,Annual,2017-01-01
211,756,Switzerland,236,Soya beans,2017,Annual value,,,,,,,101.44,E,Annual,2017-01-01
212,760,Syrian Arab Republic,236,Soya beans,2017,Annual value,,,,,,,103.25,E,Annual,2017-01-01
208,762,Tajikistan,236,Soya beans,2017,Annual value,,,,,,,126.05,E,Annual,2017-01-01
216,764,Thailand,236,Soya beans,2017,Annual value,15690,A,15690,A,462.3,A,101.4,E,Annual,2017-01-01
176,626,Timor-Leste,236,Soya beans,2017,Annual value,,,,,,,103.4,E,Annual,2017-01-01
217,768,Togo,236,Soya beans,2017,Annual value,215000,A,215000,A,370.3,A,98.17,E,Annual,2017-01-01
223,792,Türkiye,236,Soya beans,2017,Annual value,1317.5,A,1317.5,A,361.2,A,116.96,E,Annual,2017-01-01
230,804,Ukraine,236,Soya beans,2017,Annual value,9489,A,9489,A,356.8,A,135.56,E,Annual,2017-01-01
215,834,United Republic of Tanzania,236,Soya beans,2017,Annual value,,,,,,,103.54,E,Annual,2017-01-01
231,840,United States of America,236,Soya beans,2017,Annual value,342,A,342,A,342,A,97.9,E,Annual,2017-01-01
234,858,Uruguay,236,Soya beans,2017,Annual value,9815.4,A,9815.4,A,342.3,A,95.51,E,Annual,2017-01-01
237,704,Viet Nam,236,Soya beans,2017,Annual value,18395000,A,18395000,A,822.3,A,102.31,E,Annual,2017-01-01
251,894,Zambia,236,Soya beans,2017,Annual value,,,,,,,109.39,E,Annual,2017-01-01
181,716,Zimbabwe,236,Soya beans,2017,Annual value,540,A,540,A,540,A,97.01,E,Annual,2017-01-01
3,8,Albania,236,Soya beans,2018,Annual value,59446.1,A,59446.1,A,550.5,A,67.03,E,Annual,2018-01-01
7,24,Angola,236,Soya beans,2018,Annual value,,,,,,,109.38,E,Annual,2018-01-01
9,32,Argentina,236,Soya beans,2018,Annual value,,,,,,,247.4,E,Annual,2018-01-01
10,36,Australia,236,Soya beans,2018,Annual value,,,,,,,108.56,E,Annual,2018-01-01
11,40,Austria,236,Soya beans,2018,Annual value,343,A,343,A,405.1,A,103,E,Annual,2018-01-01
52,31,Azerbaijan,236,Soya beans,2018,Annual value,,,,,,,105.21,E,Annual,2018-01-01
16,50,Bangladesh,236,Soya beans,2018,Annual value,43000,A,43000,A,515.2,A,121.18,E,Annual,2018-01-01
23,84,Belize,236,Soya beans,2018,Annual value,,,,,,,120.14,E,Annual,2018-01-01
18,64,Bhutan,236,Soya beans,2018,Annual value,,,,,,,75.59,E,Annual,2018-01-01
19,68,Bolivia (Plurinational State of),236,Soya beans,2018,Annual value,2229.8,A,2229.8,A,322.7,A,104.81,E,Annual,2018-01-01
80,70,Bosnia and Herzegovina,236,Soya beans,2018,Annual value,583,A,583,A,351.8,A,96.31,E,Annual,2018-01-01
21,76,Brazil,236,Soya beans,2018,Annual value,1084.7,A,1084.7,A,296.9,A,99.71,E,Annual,2018-01-01
27,100,Bulgaria,236,Soya beans,2018,Annual value,650.7,A,650.7,A,392.7,A,67.96,E,Annual,2018-01-01
233,854,Burkina Faso,236,Soya beans,2018,Annual value,,,,,,,109.11,E,Annual,2018-01-01
29,108,Burundi,236,Soya beans,2018,Annual value,,,,,,,111.55,E,Annual,2018-01-01
115,116,Cambodia,236,Soya beans,2018,Annual value,,,,,,,129.96,E,Annual,2018-01-01
32,120,Cameroon,236,Soya beans,2018,Annual value,,,,,,,104.24,E,Annual,2018-01-01
33,124,Canada,236,Soya beans,2018,Annual value,443.1,A,443.1,A,342,A,99.75,E,Annual,2018-01-01
41,156,"China, mainland",236,Soya beans,2018,Annual value,3948.3,A,3948.3,A,596.8,A,83.18,E,Annual,2018-01-01
107,384,Côte d'Ivoire,236,Soya beans,2018,Annual value,,,,,,,135.07,E,Annual,2018-01-01
98,191,Croatia,236,Soya beans,2018,Annual value,2250.6,A,298.7,A,358.4,A,95.43,E,Annual,2018-01-01
167,203,Czechia,236,Soya beans,2018,Annual value,,,,,,,97.6,E,Annual,2018-01-01
58,218,Ecuador,236,Soya beans,2018,Annual value,628,A,628,A,628,A,106.43,E,Annual,2018-01-01
59,818,Egypt,236,Soya beans,2018,Annual value,5620,A,5620,A,316.3,A,129.17,E,Annual,2018-01-01
60,222,El Salvador,236,Soya beans,2018,Annual value,,,,,,,94.06,E,Annual,2018-01-01
238,231,Ethiopia,236,Soya beans,2018,Annual value,10290,A,10290,A,375.1,A,124.48,E,Annual,2018-01-01
68,250,France,236,Soya beans,2018,Annual value,325.1,A,325.1,A,383.9,A,92.91,E,Annual,2018-01-01
73,268,Georgia,236,Soya beans,2018,Annual value,,,,,,,92.96,E,Annual,2018-01-01
79,276,Germany,236,Soya beans,2018,Annual value,325,A,325,A,383.8,A,110.03,E,Annual,2018-01-01
84,300,Greece,236,Soya beans,2018,Annual value,,,,,,,99.73,E,Annual,2018-01-01
95,340,Honduras,236,Soya beans,2018,Annual value,,,,,,,104.82,E,Annual,2018-01-01
97,348,Hungary,236,Soya beans,2018,Annual value,107807,A,107807,A,399,A,102.6,E,Annual,2018-01-01
100,356,India,236,Soya beans,2018,Annual value,,,,,,,109.77,E,Annual,2018-01-01
101,360,Indonesia,236,Soya beans,2018,Annual value,8247603.6,A,8247603.6,A,579.3,A,99.22,E,Annual,2018-01-01
102,364,Iran (Islamic Republic of),236,Soya beans,2018,Annual value,24472900,A,24472900,A,358.8,A,127.4,E,Annual,2018-01-01
106,380,Italy,236,Soya beans,2018,Annual value,,,,,,,94.83,E,Annual,2018-01-01
110,392,Japan,236,Soya beans,2018,Annual value,115117,A,115117,A,1042.5,A,74.53,E,Annual,2018-01-01
108,398,Kazakhstan,236,Soya beans,2018,Annual value,97668,A,97668,A,283.3,A,137.17,E,Annual,2018-01-01
113,417,Kyrgyzstan,236,Soya beans,2018,Annual value,,,,,,,84.43,E,Annual,2018-01-01
120,418,Lao People's Democratic Republic,236,Soya beans,2018,Annual value,,,,,,,103.62,E,Annual,2018-01-01
119,428,Latvia,236,Soya beans,2018,Annual value,,,,,,,106.4,E,Annual,2018-01-01
129,450,Madagascar,236,Soya beans,2018,Annual value,,,,,,,101.43,E,Annual,2018-01-01
130,454,Malawi,236,Soya beans,2018,Annual value,,,,,,,175.84,E,Annual,2018-01-01
131,458,Malaysia,236,Soya beans,2018,Annual value,,,,,,,98.35,E,Annual,2018-01-01
133,466,Mali,236,Soya beans,2018,Annual value,,,,,,,106.18,E,Annual,2018-01-01
138,484,Mexico,236,Soya beans,2018,Annual value,6794.7,A,6794.7,A,353.1,A,113.08,E,Annual,2018-01-01
143,504,Morocco,236,Soya beans,2018,Annual value,,,,,,,100.23,E,Annual,2018-01-01
28,104,Myanmar,236,Soya beans,2018,Annual value,684440,A,684440,A,,,111.16,E,Annual,2018-01-01
149,524,Nepal,236,Soya beans,2018,Annual value,128970,A,128970,A,1184.2,A,141.22,E,Annual,2018-01-01
157,558,Nicaragua,236,Soya beans,2018,Annual value,,,,,,,177.2,E,Annual,2018-01-01
159,566,Nigeria,236,Soya beans,2018,Annual value,,,,,,,139.07,E,Annual,2018-01-01
154,807,North Macedonia,236,Soya beans,2018,Annual value,,,,,,,96.08,E,Annual,2018-01-01
165,586,Pakistan,236,Soya beans,2018,Annual value,,,,,,,118.51,E,Annual,2018-01-01
166,591,Panama,236,Soya beans,2018,Annual value,,,,,,,96.07,E,Annual,2018-01-01
169,600,Paraguay,236,Soya beans,2018,Annual value,1720000,A,1720000,A,300.1,A,92.49,E,Annual,2018-01-01
170,604,Peru,236,Soya beans,2018,Annual value,2119.7,A,2119.7,A,644.9,A,89.16,E,Annual,2018-01-01
171,608,Philippines,236,Soya beans,2018,Annual value,20360,A,20360,A,386.6,A,86.55,E,Annual,2018-01-01
173,616,Poland,236,Soya beans,2018,Annual value,,,,,,,104.89,E,Annual,2018-01-01
117,410,Republic of Korea,236,Soya beans,2018,Annual value,,,,,,,108.87,E,Annual,2018-01-01
146,498,Republic of Moldova,236,Soya beans,2018,Annual value,5609,A,5609,A,333.8,A,98.56,E,Annual,2018-01-01
183,642,Romania,236,Soya beans,2018,Annual value,1350,A,1350,A,342.5,A,97.59,E,Annual,2018-01-01
185,643,Russian Federation,236,Soya beans,2018,Annual value,22596,A,22596,A,360.6,A,114,E,Annual,2018-01-01
184,646,Rwanda,236,Soya beans,2018,Annual value,453807.8,A,453807.8,A,527,A,96.7,E,Annual,2018-01-01
272,688,Serbia,236,Soya beans,2018,Annual value,35390,A,35390,A,353.3,A,93.25,E,Annual,2018-01-01
199,703,Slovakia,236,Soya beans,2018,Annual value,337.5,A,337.5,A,398.5,A,101.8,E,Annual,2018-01-01
198,705,Slovenia,236,Soya beans,2018,Annual value,311.1,A,311.1,A,367.4,A,100.35,E,Annual,2018-01-01
202,710,South Africa,236,Soya beans,2018,Annual value,4439,A,4439,A,335.2,A,80.82,E,Annual,2018-01-01
203,724,Spain,236,Soya beans,2018,Annual value,479.5,A,479.5,A,566.3,A,100.67,E,Annual,2018-01-01
38,144,Sri Lanka,236,Soya beans,2018,Annual value,83000,A,83000,A,510.9,A,61.72,E,Annual,2018-01-01
207,740,Suriname,236,Soya beans,2018,Annual value,12850,A,12850,A,1721.9,A,94.26,E,Annual,2018-01-01
211,756,Switzerland,236,Soya beans,2018,Annual value,,,,,,,94.55,E,Annual,2018-01-01
212,760,Syrian Arab Republic,236,Soya beans,2018,Annual value,,,,,,,104.88,E,Annual,2018-01-01
208,762,Tajikistan,236,Soya beans,2018,Annual value,,,,,,,139.48,E,Annual,2018-01-01
216,764,Thailand,236,Soya beans,2018,Annual value,16480,A,16480,A,510.1,A,106.51,E,Annual,2018-01-01
176,626,Timor-Leste,236,Soya beans,2018,Annual value,,,,,,,105.04,E,Annual,2018-01-01
217,768,Togo,236,Soya beans,2018,Annual value,257000,A,257000,A,462.7,A,117.35,E,Annual,2018-01-01
223,792,Türkiye,236,Soya beans,2018,Annual value,1725.4,A,1725.4,A,357.4,A,153.18,E,Annual,2018-01-01
230,804,Ukraine,236,Soya beans,2018,Annual value,9578,A,9578,A,352.1,A,136.83,E,Annual,2018-01-01
215,834,United Republic of Tanzania,236,Soya beans,2018,Annual value,,,,,,,115.38,E,Annual,2018-01-01
231,840,United States of America,236,Soya beans,2018,Annual value,311,A,311,A,311,A,89.03,E,Annual,2018-01-01
234,858,Uruguay,236,Soya beans,2018,Annual value,9175.8,A,9175.8,A,298.6,A,89.29,E,Annual,2018-01-01
237,704,Viet Nam,236,Soya beans,2018,Annual value,18579018,A,18579018,A,822,A,103.34,E,Annual,2018-01-01
251,894,Zambia,236,Soya beans,2018,Annual value,,,,,,,114.08,E,Annual,2018-01-01
181,716,Zimbabwe,236,Soya beans,2018,Annual value,780,A,780,A,780,A,140.12,E,Annual,2018-01-01
3,8,Albania,236,Soya beans,2019,Annual value,65105.3,A,65105.3,A,592.7,A,73.41,E,Annual,2019-01-01
7,24,Angola,236,Soya beans,2019,Annual value,,,,,,,111.17,E,Annual,2019-01-01
9,32,Argentina,236,Soya beans,2019,Annual value,,,,,,,276.98,E,Annual,2019-01-01
10,36,Australia,236,Soya beans,2019,Annual value,,,,,,,106.4,E,Annual,2019-01-01
11,40,Austria,236,Soya beans,2019,Annual value,314,A,314,A,351.5,A,94.29,E,Annual,2019-01-01
52,31,Azerbaijan,236,Soya beans,2019,Annual value,,,,,,,106.88,E,Annual,2019-01-01
16,50,Bangladesh,236,Soya beans,2019,Annual value,32220,A,32220,A,381.5,A,90.8,E,Annual,2019-01-01
23,84,Belize,236,Soya beans,2019,Annual value,,,,,,,127.16,E,Annual,2019-01-01
18,64,Bhutan,236,Soya beans,2019,Annual value,,,,,,,88.37,E,Annual,2019-01-01
19,68,Bolivia (Plurinational State of),236,Soya beans,2019,Annual value,,,,,,,109.21,E,Annual,2019-01-01
80,70,Bosnia and Herzegovina,236,Soya beans,2019,Annual value,567,A,567,A,324.5,A,93.67,E,Annual,2019-01-01
21,76,Brazil,236,Soya beans,2019,Annual value,1095.8,A,1095.8,A,277.8,A,100.74,E,Annual,2019-01-01
27,100,Bulgaria,236,Soya beans,2019,Annual value,580.9,A,580.9,A,332.5,A,60.67,E,Annual,2019-01-01
233,854,Burkina Faso,236,Soya beans,2019,Annual value,,,,,,,112.24,E,Annual,2019-01-01
29,108,Burundi,236,Soya beans,2019,Annual value,,,,,,,115.1,E,Annual,2019-01-01
115,116,Cambodia,236,Soya beans,2019,Annual value,,,,,,,129.61,E,Annual,2019-01-01
32,120,Cameroon,236,Soya beans,2019,Annual value,,,,,,,103.57,E,Annual,2019-01-01
33,124,Canada,236,Soya beans,2019,Annual value,423.3,A,423.3,A,319.1,A,95.29,E,Annual,2019-01-01
41,156,"China, mainland",236,Soya beans,2019,Annual value,4105,A,4105,A,594.2,A,86.48,E,Annual,2019-01-01
44,170,Colombia,236,Soya beans,2019,Annual value,1027000,A,1027000,A,313,A,87.19,E,Annual,2019-01-01
107,384,Côte d'Ivoire,236,Soya beans,2019,Annual value,,,,,,,147.81,E,Annual,2019-01-01
98,191,Croatia,236,Soya beans,2019,Annual value,2175.4,A,288.7,A,328.5,A,92.24,E,Annual,2019-01-01
167,203,Czechia,236,Soya beans,2019,Annual value,,,,,,,98.65,E,Annual,2019-01-01
58,218,Ecuador,236,Soya beans,2019,Annual value,588,A,588,A,588,A,99.64,E,Annual,2019-01-01
59,818,Egypt,236,Soya beans,2019,Annual value,,,,,,,181.61,E,Annual,2019-01-01
60,222,El Salvador,236,Soya beans,2019,Annual value,,,,,,,96.31,E,Annual,2019-01-01
238,231,Ethiopia,236,Soya beans,2019,Annual value,,,,,,,122.2,E,Annual,2019-01-01
68,250,France,236,Soya beans,2019,Annual value,323,A,323,A,361.6,A,92.31,E,Annual,2019-01-01
73,268,Georgia,236,Soya beans,2019,Annual value,,,,,,,96.04,E,Annual,2019-01-01
79,276,Germany,236,Soya beans,2019,Annual value,325.6,A,325.6,A,364.4,A,110.22,E,Annual,2019-01-01
84,300,Greece,236,Soya beans,2019,Annual value,,,,,,,103.88,E,Annual,2019-01-01
95,340,Honduras,236,Soya beans,2019,Annual value,,,,,,,106.42,E,Annual,2019-01-01
97,348,Hungary,236,Soya beans,2019,Annual value,103645,A,103645,A,356.6,A,98.63,E,Annual,2019-01-01
100,356,India,236,Soya beans,2019,Annual value,,,,,,,117.23,E,Annual,2019-01-01
101,360,Indonesia,236,Soya beans,2019,Annual value,8095185.2,A,8095185.2,A,572.2,A,97.38,E,Annual,2019-01-01
102,364,Iran (Islamic Republic of),236,Soya beans,2019,Annual value,28632000,A,28632000,A,327,A,149.05,E,Annual,2019-01-01
106,380,Italy,236,Soya beans,2019,Annual value,,,,,,,89.71,E,Annual,2019-01-01
110,392,Japan,236,Soya beans,2019,Annual value,128883.3,A,128883.3,A,1182.3,A,83.44,E,Annual,2019-01-01
108,398,Kazakhstan,236,Soya beans,2019,Annual value,135405,A,135405,A,353.8,A,190.17,E,Annual,2019-01-01
113,417,Kyrgyzstan,236,Soya beans,2019,Annual value,,,,,,,86,E,Annual,2019-01-01
120,418,Lao People's Democratic Republic,236,Soya beans,2019,Annual value,,,,,,,107.04,E,Annual,2019-01-01
119,428,Latvia,236,Soya beans,2019,Annual value,,,,,,,118.12,E,Annual,2019-01-01
129,450,Madagascar,236,Soya beans,2019,Annual value,,,,,,,101.9,E,Annual,2019-01-01
130,454,Malawi,236,Soya beans,2019,Annual value,,,,,,,201.19,E,Annual,2019-01-01
131,458,Malaysia,236,Soya beans,2019,Annual value,,,,,,,103.1,E,Annual,2019-01-01
133,466,Mali,236,Soya beans,2019,Annual value,,,,,,,105.89,E,Annual,2019-01-01
138,484,Mexico,236,Soya beans,2019,Annual value,6854.7,A,6854.7,A,355.8,A,114.08,E,Annual,2019-01-01
143,504,Morocco,236,Soya beans,2019,Annual value,,,,,,,101.39,E,Annual,2019-01-01
28,104,Myanmar,236,Soya beans,2019,Annual value,684440,A,684440,A,,,111.16,E,Annual,2019-01-01
149,524,Nepal,236,Soya beans,2019,Annual value,84950,A,84950,A,754.4,A,93.02,E,Annual,2019-01-01
157,558,Nicaragua,236,Soya beans,2019,Annual value,,,,,,,192.18,E,Annual,2019-01-01
159,566,Nigeria,236,Soya beans,2019,Annual value,,,,,,,150.13,E,Annual,2019-01-01
154,807,North Macedonia,236,Soya beans,2019,Annual value,,,,,,,111.26,E,Annual,2019-01-01
165,586,Pakistan,236,Soya beans,2019,Annual value,,,,,,,122.92,E,Annual,2019-01-01
166,591,Panama,236,Soya beans,2019,Annual value,,,,,,,108.62,E,Annual,2019-01-01
169,600,Paraguay,236,Soya beans,2019,Annual value,1740000,A,1740000,A,278.8,A,93.57,E,Annual,2019-01-01
170,604,Peru,236,Soya beans,2019,Annual value,2174.3,A,2174.3,A,651.5,A,91.46,E,Annual,2019-01-01
171,608,Philippines,236,Soya beans,2019,Annual value,,,,,,,84.09,E,Annual,2019-01-01
173,616,Poland,236,Soya beans,2019,Annual value,,,,,,,105.23,E,Annual,2019-01-01
117,410,Republic of Korea,236,Soya beans,2019,Annual value,,,,,,,92.09,E,Annual,2019-01-01
146,498,Republic of Moldova,236,Soya beans,2019,Annual value,4993,A,4993,A,284.1,A,87.74,E,Annual,2019-01-01
183,642,Romania,236,Soya beans,2019,Annual value,1300,A,1300,A,306.8,A,93.98,E,Annual,2019-01-01
185,643,Russian Federation,236,Soya beans,2019,Annual value,22091,A,22091,A,341.2,A,111.45,E,Annual,2019-01-01
184,646,Rwanda,236,Soya beans,2019,Annual value,578118.3,A,578118.3,A,642.8,A,123.19,E,Annual,2019-01-01
272,688,Serbia,236,Soya beans,2019,Annual value,34666,A,34666,A,329.4,A,91.34,E,Annual,2019-01-01
199,703,Slovakia,236,Soya beans,2019,Annual value,306.8,A,306.8,A,343.4,A,92.54,E,Annual,2019-01-01
198,705,Slovenia,236,Soya beans,2019,Annual value,293.8,A,293.8,A,328.9,A,94.77,E,Annual,2019-01-01
202,710,South Africa,236,Soya beans,2019,Annual value,4345,A,4345,A,300.7,A,79.11,E,Annual,2019-01-01
203,724,Spain,236,Soya beans,2019,Annual value,475.4,A,475.4,A,532.2,A,99.81,E,Annual,2019-01-01
38,144,Sri Lanka,236,Soya beans,2019,Annual value,109000,A,109000,A,609.8,A,81.06,E,Annual,2019-01-01
207,740,Suriname,236,Soya beans,2019,Annual value,22950,A,22950,A,3077.2,A,168.35,E,Annual,2019-01-01
211,756,Switzerland,236,Soya beans,2019,Annual value,,,,,,,105.7,E,Annual,2019-01-01
212,760,Syrian Arab Republic,236,Soya beans,2019,Annual value,,,,,,,106.5,E,Annual,2019-01-01
208,762,Tajikistan,236,Soya beans,2019,Annual value,,,,,,,153.13,E,Annual,2019-01-01
216,764,Thailand,236,Soya beans,2019,Annual value,15970,A,15970,A,514.4,A,103.21,E,Annual,2019-01-01
176,626,Timor-Leste,236,Soya beans,2019,Annual value,,,,,,,106.68,E,Annual,2019-01-01
217,768,Togo,236,Soya beans,2019,Annual value,221000,A,221000,A,377.2,A,100.91,E,Annual,2019-01-01
223,792,Türkiye,236,Soya beans,2019,Annual value,2177,A,2177,A,383.7,A,193.26,E,Annual,2019-01-01
230,804,Ukraine,236,Soya beans,2019,Annual value,8148,A,8148,A,315.3,A,116.4,E,Annual,2019-01-01
215,834,United Republic of Tanzania,236,Soya beans,2019,Annual value,,,,,,,125.4,E,Annual,2019-01-01
231,840,United States of America,236,Soya beans,2019,Annual value,321,A,321,A,321,A,91.89,E,Annual,2019-01-01
234,858,Uruguay,236,Soya beans,2019,Annual value,10936,A,10936,A,310.2,A,106.41,E,Annual,2019-01-01
237,704,Viet Nam,236,Soya beans,2019,Annual value,19120989.4,A,19120989.4,A,829.5,A,106.35,E,Annual,2019-01-01
251,894,Zambia,236,Soya beans,2019,Annual value,,,,,,,118.78,E,Annual,2019-01-01
3,8,Albania,236,Soya beans,2020,Annual value,60461.8,A,60461.8,A,556.5,A,68.17,E,Annual,2020-01-01
7,24,Angola,236,Soya beans,2020,Annual value,,,,,,,112.99,E,Annual,2020-01-01
9,32,Argentina,236,Soya beans,2020,Annual value,,,,,,,310.09,E,Annual,2020-01-01
10,36,Australia,236,Soya beans,2020,Annual value,,,,,,,100.86,E,Annual,2020-01-01
11,40,Austria,236,Soya beans,2020,Annual value,351,A,351,A,400.9,A,105.41,E,Annual,2020-01-01
52,31,Azerbaijan,236,Soya beans,2020,Annual value,,,,,,,109.99,E,Annual,2020-01-01
16,50,Bangladesh,236,Soya beans,2020,Annual value,30670,A,30670,A,361.4,A,86.43,E,Annual,2020-01-01
23,84,Belize,236,Soya beans,2020,Annual value,1058.2,A,1058.2,A,529.1,A,130.72,E,Annual,2020-01-01
18,64,Bhutan,236,Soya beans,2020,Annual value,,,,,,,94.44,E,Annual,2020-01-01
19,68,Bolivia (Plurinational State of),236,Soya beans,2020,Annual value,,,,,,,111.81,E,Annual,2020-01-01
80,70,Bosnia and Herzegovina,236,Soya beans,2020,Annual value,630,A,630,A,366.9,A,104.07,E,Annual,2020-01-01
21,76,Brazil,236,Soya beans,2020,Annual value,1388.4,A,1388.4,A,269.3,A,127.63,E,Annual,2020-01-01
27,100,Bulgaria,236,Soya beans,2020,Annual value,669.5,A,669.5,A,390.1,A,69.93,E,Annual,2020-01-01
233,854,Burkina Faso,236,Soya beans,2020,Annual value,,,,,,,113.28,E,Annual,2020-01-01
29,108,Burundi,236,Soya beans,2020,Annual value,,,,,,,118.5,E,Annual,2020-01-01
115,116,Cambodia,236,Soya beans,2020,Annual value,,,,,,,127.08,E,Annual,2020-01-01
32,120,Cameroon,236,Soya beans,2020,Annual value,,,,,,,104.22,E,Annual,2020-01-01
33,124,Canada,236,Soya beans,2020,Annual value,459.2,A,459.2,A,342.4,A,103.37,E,Annual,2020-01-01
41,156,"China, mainland",236,Soya beans,2020,Annual value,5308.2,A,5308.2,A,769.2,A,111.83,E,Annual,2020-01-01
44,170,Colombia,236,Soya beans,2020,Annual value,,,,,,,87.19,E,Annual,2020-01-01
107,384,Côte d'Ivoire,236,Soya beans,2020,Annual value,,,,,,,162.4,E,Annual,2020-01-01
98,191,Croatia,236,Soya beans,2020,Annual value,2543.1,A,337.5,A,384.5,A,107.83,E,Annual,2020-01-01
167,203,Czechia,236,Soya beans,2020,Annual value,,,,,,,92.24,E,Annual,2020-01-01
58,218,Ecuador,236,Soya beans,2020,Annual value,507.7,A,507.7,A,507.7,A,86.04,E,Annual,2020-01-01
59,818,Egypt,236,Soya beans,2020,Annual value,,,,,,,255.34,E,Annual,2020-01-01
60,222,El Salvador,236,Soya beans,2020,Annual value,,,,,,,98.25,E,Annual,2020-01-01
238,231,Ethiopia,236,Soya beans,2020,Annual value,,,,,,,154.92,E,Annual,2020-01-01
68,250,France,236,Soya beans,2020,Annual value,347.8,A,347.8,A,397.3,A,99.42,E,Annual,2020-01-01
73,268,Georgia,236,Soya beans,2020,Annual value,,,,,,,105.68,E,Annual,2020-01-01
79,276,Germany,236,Soya beans,2020,Annual value,353.9,A,353.9,A,404.2,A,119.8,E,Annual,2020-01-01
84,300,Greece,236,Soya beans,2020,Annual value,,,,,,,116.65,E,Annual,2020-01-01
95,340,Honduras,236,Soya beans,2020,Annual value,,,,,,,107.96,E,Annual,2020-01-01
97,348,Hungary,236,Soya beans,2020,Annual value,122799,A,122799,A,398.7,A,116.86,E,Annual,2020-01-01
100,356,India,236,Soya beans,2020,Annual value,,,,,,,141.77,E,Annual,2020-01-01
101,360,Indonesia,236,Soya beans,2020,Annual value,8973492.3,A,8973492.3,A,615.4,A,107.95,E,Annual,2020-01-01
102,364,Iran (Islamic Republic of),236,Soya beans,2020,Annual value,114762000,A,114762000,A,920.5,A,597.43,E,Annual,2020-01-01
106,380,Italy,236,Soya beans,2020,Annual value,,,,,,,83.16,E,Annual,2020-01-01
110,392,Japan,236,Soya beans,2020,Annual value,147516.7,A,147516.7,A,1381.6,A,95.5,E,Annual,2020-01-01
108,398,Kazakhstan,236,Soya beans,2020,Annual value,145221,A,145221,A,351.7,A,203.96,E,Annual,2020-01-01
113,417,Kyrgyzstan,236,Soya beans,2020,Annual value,,,,,,,86.42,E,Annual,2020-01-01
120,418,Lao People's Democratic Republic,236,Soya beans,2020,Annual value,,,,,,,93.05,E,Annual,2020-01-01
119,428,Latvia,236,Soya beans,2020,Annual value,,,,,,,137.55,E,Annual,2020-01-01
129,450,Madagascar,236,Soya beans,2020,Annual value,,,,,,,102.38,E,Annual,2020-01-01
130,454,Malawi,236,Soya beans,2020,Annual value,,,,,,,207.16,E,Annual,2020-01-01
131,458,Malaysia,236,Soya beans,2020,Annual value,,,,,,,108.85,E,Annual,2020-01-01
133,466,Mali,236,Soya beans,2020,Annual value,,,,,,,107.16,E,Annual,2020-01-01
138,484,Mexico,236,Soya beans,2020,Annual value,7905.2,A,7905.2,A,367.9,A,131.56,E,Annual,2020-01-01
143,504,Morocco,236,Soya beans,2020,Annual value,,,,,,,90.72,E,Annual,2020-01-01
28,104,Myanmar,236,Soya beans,2020,Annual value,1149500,A,1149500,A,,,186.68,E,Annual,2020-01-01
149,524,Nepal,236,Soya beans,2020,Annual value,83790,A,83790,A,708,A,91.75,E,Annual,2020-01-01
157,558,Nicaragua,236,Soya beans,2020,Annual value,,,,,,,196.16,E,Annual,2020-01-01
159,566,Nigeria,236,Soya beans,2020,Annual value,,,,,,,176.75,E,Annual,2020-01-01
154,807,North Macedonia,236,Soya beans,2020,Annual value,,,,,,,108.06,E,Annual,2020-01-01
165,586,Pakistan,236,Soya beans,2020,Annual value,,,,,,,127.12,E,Annual,2020-01-01
166,591,Panama,236,Soya beans,2020,Annual value,,,,,,,104.95,E,Annual,2020-01-01
169,600,Paraguay,236,Soya beans,2020,Annual value,2045000,A,2045000,A,302,A,109.97,E,Annual,2020-01-01
170,604,Peru,236,Soya beans,2020,Annual value,2163.2,A,2163.2,A,618.9,A,90.99,E,Annual,2020-01-01
171,608,Philippines,236,Soya beans,2020,Annual value,19200,A,19200,A,386.9,A,81.62,E,Annual,2020-01-01
173,616,Poland,236,Soya beans,2020,Annual value,,,,,,,108.96,E,Annual,2020-01-01
117,410,Republic of Korea,236,Soya beans,2020,Annual value,,,,,,,103.54,E,Annual,2020-01-01
146,498,Republic of Moldova,236,Soya beans,2020,Annual value,6092,A,6092,A,351.7,A,107.05,E,Annual,2020-01-01
183,642,Romania,236,Soya beans,2020,Annual value,1480,A,1480,A,348.7,A,106.99,E,Annual,2020-01-01
185,643,Russian Federation,236,Soya beans,2020,Annual value,26859,A,26859,A,372.5,A,135.5,E,Annual,2020-01-01
184,646,Rwanda,236,Soya beans,2020,Annual value,591082.1,A,591082.1,A,626.6,A,125.95,E,Annual,2020-01-01
272,688,Serbia,236,Soya beans,2020,Annual value,40235.1,A,40235.1,A,390,A,106.01,E,Annual,2020-01-01
199,703,Slovakia,236,Soya beans,2020,Annual value,326.5,A,326.5,A,373,A,98.51,E,Annual,2020-01-01
198,705,Slovenia,236,Soya beans,2020,Annual value,321.5,A,321.5,A,367.2,A,103.71,E,Annual,2020-01-01
202,710,South Africa,236,Soya beans,2020,Annual value,4681,A,4681,A,284.4,A,85.22,E,Annual,2020-01-01
203,724,Spain,236,Soya beans,2020,Annual value,484.4,A,484.4,A,553.3,A,101.7,E,Annual,2020-01-01
38,144,Sri Lanka,236,Soya beans,2020,Annual value,102615.4,A,102615.4,A,552.9,A,76.31,E,Annual,2020-01-01
207,740,Suriname,236,Soya beans,2020,Annual value,26500,A,26500,A,2846.5,A,194.39,E,Annual,2020-01-01
211,756,Switzerland,236,Soya beans,2020,Annual value,,,,,,,123.6,E,Annual,2020-01-01
212,760,Syrian Arab Republic,236,Soya beans,2020,Annual value,,,,,,,108.13,E,Annual,2020-01-01
208,762,Tajikistan,236,Soya beans,2020,Annual value,,,,,,,164.62,E,Annual,2020-01-01
216,764,Thailand,236,Soya beans,2020,Annual value,17300,A,17300,A,552.8,A,111.81,E,Annual,2020-01-01
176,626,Timor-Leste,236,Soya beans,2020,Annual value,,,,,,,110.68,E,Annual,2020-01-01
217,768,Togo,236,Soya beans,2020,Annual value,265000,A,265000,A,460.4,A,121,E,Annual,2020-01-01
223,792,Türkiye,236,Soya beans,2020,Annual value,2605.3,A,2605.3,A,371.7,A,231.29,E,Annual,2020-01-01
230,804,Ukraine,236,Soya beans,2020,Annual value,10720,A,10720,A,397.7,A,153.14,E,Annual,2020-01-01
215,834,United Republic of Tanzania,236,Soya beans,2020,Annual value,,,,,,,132.41,E,Annual,2020-01-01
231,840,United States of America,236,Soya beans,2020,Annual value,410,A,410,A,410,A,117.37,E,Annual,2020-01-01
234,858,Uruguay,236,Soya beans,2020,Annual value,14238,A,14238,A,338.9,A,138.54,E,Annual,2020-01-01
237,704,Viet Nam,236,Soya beans,2020,Annual value,19832068.7,A,19832068.7,A,854.5,A,110.3,E,Annual,2020-01-01
251,894,Zambia,236,Soya beans,2020,Annual value,,,,,,,123.47,E,Annual,2020-01-01
3,8,Albania,236,Soya beans,2021,Annual value,68684.8,A,68684.8,A,663.5,A,77.44,E,Annual,2021-01-01
7,24,Angola,236,Soya beans,2021,Annual value,,,,,,,114.78,E,Annual,2021-01-01
9,32,Argentina,236,Soya beans,2021,Annual value,,,,,,,358.91,E,Annual,2021-01-01
10,36,Australia,236,Soya beans,2021,Annual value,,,,,,,113.64,E,Annual,2021-01-01
11,40,Austria,236,Soya beans,2021,Annual value,558,A,558,A,660,A,167.57,E,Annual,2021-01-01
52,31,Azerbaijan,236,Soya beans,2021,Annual value,,,,,,,114.09,E,Annual,2021-01-01
16,50,Bangladesh,236,Soya beans,2021,Annual value,62130,A,62130,A,730.2,A,175.09,E,Annual,2021-01-01
23,84,Belize,236,Soya beans,2021,Annual value,1146.4,A,1146.4,A,573.2,A,141.61,E,Annual,2021-01-01
18,64,Bhutan,236,Soya beans,2021,Annual value,,,,,,,98.24,E,Annual,2021-01-01
19,68,Bolivia (Plurinational State of),236,Soya beans,2021,Annual value,,,,,,,114.74,E,Annual,2021-01-01
80,70,Bosnia and Herzegovina,236,Soya beans,2021,Annual value,913,A,913,A,552.1,A,150.83,E,Annual,2021-01-01
21,76,Brazil,236,Soya beans,2021,Annual value,2528.5,A,2528.5,A,468.7,A,232.44,E,Annual,2021-01-01
27,100,Bulgaria,236,Soya beans,2021,Annual value,912,A,912,A,551.5,A,95.25,E,Annual,2021-01-01
233,854,Burkina Faso,236,Soya beans,2021,Annual value,,,,,,,116.71,E,Annual,2021-01-01
29,108,Burundi,236,Soya beans,2021,Annual value,,,,,,,121,E,Annual,2021-01-01
115,116,Cambodia,236,Soya beans,2021,Annual value,,,,,,,132.51,E,Annual,2021-01-01
32,120,Cameroon,236,Soya beans,2021,Annual value,,,,,,,111.71,E,Annual,2021-01-01
33,124,Canada,236,Soya beans,2021,Annual value,557.5,A,557.5,A,444.7,A,125.51,E,Annual,2021-01-01
41,156,"China, mainland",236,Soya beans,2021,Annual value,8596.2,A,8596.2,A,1333,A,181.1,E,Annual,2021-01-01
44,170,Colombia,236,Soya beans,2021,Annual value,,,,,,,87.19,E,Annual,2021-01-01
107,384,Côte d'Ivoire,236,Soya beans,2021,Annual value,340000,A,340000,A,613.1,A,195.49,E,Annual,2021-01-01
98,191,Croatia,236,Soya beans,2021,Annual value,4199,A,557.3,A,660.2,A,178.05,E,Annual,2021-01-01
167,203,Czechia,236,Soya beans,2021,Annual value,10666,A,10666,A,492,A,127.08,E,Annual,2021-01-01
58,218,Ecuador,236,Soya beans,2021,Annual value,542.3,A,542.3,A,542.3,A,91.89,E,Annual,2021-01-01
59,818,Egypt,236,Soya beans,2021,Annual value,,,,,,,359,E,Annual,2021-01-01
60,222,El Salvador,236,Soya beans,2021,Annual value,,,,,,,97.49,E,Annual,2021-01-01
238,231,Ethiopia,236,Soya beans,2021,Annual value,,,,,,,166.89,E,Annual,2021-01-01
68,250,France,236,Soya beans,2021,Annual value,485.9,A,485.9,A,574.6,A,138.86,E,Annual,2021-01-01
73,268,Georgia,236,Soya beans,2021,Annual value,,,,,,,111.53,E,Annual,2021-01-01
79,276,Germany,236,Soya beans,2021,Annual value,546.9,A,546.9,A,646.9,A,185.17,E,Annual,2021-01-01
84,300,Greece,236,Soya beans,2021,Annual value,,,,,,,119.47,E,Annual,2021-01-01
95,340,Honduras,236,Soya beans,2021,Annual value,,,,,,,109.79,E,Annual,2021-01-01
97,348,Hungary,236,Soya beans,2021,Annual value,172246,A,172246,A,568.2,A,163.92,E,Annual,2021-01-01
100,356,India,236,Soya beans,2021,Annual value,,,,,,,143.23,E,Annual,2021-01-01
101,360,Indonesia,236,Soya beans,2021,Annual value,9314596.5,A,9314596.5,A,651,A,112.05,E,Annual,2021-01-01
102,364,Iran (Islamic Republic of),236,Soya beans,2021,Annual value,119785000,A,119785000,A,642.8,A,623.58,E,Annual,2021-01-01
106,380,Italy,236,Soya beans,2021,Annual value,,,,,,,91.49,E,Annual,2021-01-01
110,392,Japan,236,Soya beans,2021,Annual value,146266.7,A,146266.7,A,1332.7,A,94.69,E,Annual,2021-01-01
108,398,Kazakhstan,236,Soya beans,2021,Annual value,166659,A,166659,A,391.3,A,234.07,E,Annual,2021-01-01
113,417,Kyrgyzstan,236,Soya beans,2021,Annual value,,,,,,,92.93,E,Annual,2021-01-01
120,418,Lao People's Democratic Republic,236,Soya beans,2021,Annual value,,,,,,,99.5,E,Annual,2021-01-01
119,428,Latvia,236,Soya beans,2021,Annual value,,,,,,,133.64,E,Annual,2021-01-01
129,450,Madagascar,236,Soya beans,2021,Annual value,,,,,,,102.85,E,Annual,2021-01-01
130,454,Malawi,236,Soya beans,2021,Annual value,,,,,,,209.26,E,Annual,2021-01-01
131,458,Malaysia,236,Soya beans,2021,Annual value,,,,,,,131.11,E,Annual,2021-01-01
133,466,Mali,236,Soya beans,2021,Annual value,,,,,,,109.05,E,Annual,2021-01-01
138,484,Mexico,236,Soya beans,2021,Annual value,9467.7,A,9467.7,A,467,A,157.56,E,Annual,2021-01-01
143,504,Morocco,236,Soya beans,2021,Annual value,,,,,,,100.6,E,Annual,2021-01-01
28,104,Myanmar,236,Soya beans,2021,Annual value,,,,,,,158.1,E,Annual,2021-01-01
149,524,Nepal,236,Soya beans,2021,Annual value,91750,A,91750,A,776.7,A,100.46,E,Annual,2021-01-01
157,558,Nicaragua,236,Soya beans,2021,Annual value,47231.7,A,47231.7,A,1342.9,A,185.87,E,Annual,2021-01-01
159,566,Nigeria,236,Soya beans,2021,Annual value,,,,,,,180.56,E,Annual,2021-01-01
154,807,North Macedonia,236,Soya beans,2021,Annual value,,,,,,,150.82,E,Annual,2021-01-01
165,586,Pakistan,236,Soya beans,2021,Annual value,,,,,,,136.45,E,Annual,2021-01-01
166,591,Panama,236,Soya beans,2021,Annual value,,,,,,,103.68,E,Annual,2021-01-01
169,600,Paraguay,236,Soya beans,2021,Annual value,1958000,A,1958000,A,289,A,105.29,E,Annual,2021-01-01
170,604,Peru,236,Soya beans,2021,Annual value,2440,A,2440,A,628.8,A,102.64,E,Annual,2021-01-01
171,608,Philippines,236,Soya beans,2021,Annual value,27220,A,27220,A,552.6,A,115.72,E,Annual,2021-01-01
173,616,Poland,236,Soya beans,2021,Annual value,,,,,,,121.57,E,Annual,2021-01-01
117,410,Republic of Korea,236,Soya beans,2021,Annual value,,,,,,,103.04,E,Annual,2021-01-01
146,498,Republic of Moldova,236,Soya beans,2021,Annual value,8852,A,8852,A,500.7,A,155.54,E,Annual,2021-01-01
183,642,Romania,236,Soya beans,2021,Annual value,2030,A,2030,A,487.9,A,146.75,E,Annual,2021-01-01
185,643,Russian Federation,236,Soya beans,2021,Annual value,40909,A,40909,A,555.4,A,206.39,E,Annual,2021-01-01
184,646,Rwanda,236,Soya beans,2021,Annual value,739789,A,739789,A,748.3,A,157.64,E,Annual,2021-01-01
272,688,Serbia,236,Soya beans,2021,Annual value,67280,A,67280,A,676.9,A,177.27,E,Annual,2021-01-01
199,703,Slovakia,236,Soya beans,2021,Annual value,476.6,A,476.6,A,563.7,A,143.78,E,Annual,2021-01-01
198,705,Slovenia,236,Soya beans,2021,Annual value,507.1,A,507.1,A,599.8,A,163.58,E,Annual,2021-01-01
202,710,South Africa,236,Soya beans,2021,Annual value,6372,A,6372,A,431.2,A,116.01,E,Annual,2021-01-01
203,724,Spain,236,Soya beans,2021,Annual value,528.3,A,528.3,A,624.8,A,110.91,E,Annual,2021-01-01
38,144,Sri Lanka,236,Soya beans,2021,Annual value,107875,A,107875,A,547.5,A,80.22,E,Annual,2021-01-01
207,740,Suriname,236,Soya beans,2021,Annual value,46780,A,46780,A,2564.9,A,343.15,E,Annual,2021-01-01
211,756,Switzerland,236,Soya beans,2021,Annual value,,,,,,,111.53,E,Annual,2021-01-01
212,760,Syrian Arab Republic,236,Soya beans,2021,Annual value,,,,,,,109.77,E,Annual,2021-01-01
208,762,Tajikistan,236,Soya beans,2021,Annual value,,,,,,,182.31,E,Annual,2021-01-01
216,764,Thailand,236,Soya beans,2021,Annual value,18400,A,18400,A,575.4,A,118.91,E,Annual,2021-01-01
176,626,Timor-Leste,236,Soya beans,2021,Annual value,2805.6,A,2805.6,A,2805.6,A,114.69,E,Annual,2021-01-01
217,768,Togo,236,Soya beans,2021,Annual value,343000,A,343000,A,618.5,A,156.62,E,Annual,2021-01-01
223,792,Türkiye,236,Soya beans,2021,Annual value,4314.2,A,4314.2,A,487.5,A,382.99,E,Annual,2021-01-01
230,804,Ukraine,236,Soya beans,2021,Annual value,15484,A,15484,A,567.5,A,221.2,E,Annual,2021-01-01
215,834,United Republic of Tanzania,236,Soya beans,2021,Annual value,,,,,,,139.42,E,Annual,2021-01-01
231,840,United States of America,236,Soya beans,2021,Annual value,477.6,A,477.6,A,477.6,A,136.72,E,Annual,2021-01-01
234,858,Uruguay,236,Soya beans,2021,Annual value,21255,A,21255,A,488,A,206.82,E,Annual,2021-01-01
237,704,Viet Nam,236,Soya beans,2021,Annual value,17700850.7,A,17700850.7,A,764.3,A,98.45,E,Annual,2021-01-01
251,894,Zambia,236,Soya beans,2021,Annual value,,,,,,,128.17,E,Annual,2021-01-01
181,716,Zimbabwe,236,Soya beans,2021,Annual value,66415,A,,,750,A,,,Annual,2021-01-01
3,8,Albania,236,Soya beans,2022,Annual value,86151,A,86151,A,762.1,A,97.14,E,Annual,2022-01-01
7,24,Angola,236,Soya beans,2022,Annual value,,,,,,,116.56,E,Annual,2022-01-01
9,32,Argentina,236,Soya beans,2022,Annual value,,,,,,,415.42,E,Annual,2022-01-01
10,36,Australia,236,Soya beans,2022,Annual value,,,,,,,127.49,E,Annual,2022-01-01
11,40,Austria,236,Soya beans,2022,Annual value,590,A,590,A,621.3,A,177.18,E,Annual,2022-01-01
52,31,Azerbaijan,236,Soya beans,2022,Annual value,,,,,,,117.78,E,Annual,2022-01-01
16,50,Bangladesh,236,Soya beans,2022,Annual value,,,,,,,113.57,E,Annual,2022-01-01
23,84,Belize,236,Soya beans,2022,Annual value,1433,A,1433,A,716.5,A,177.02,E,Annual,2022-01-01
18,64,Bhutan,236,Soya beans,2022,Annual value,,,,,,,102.05,E,Annual,2022-01-01
19,68,Bolivia (Plurinational State of),236,Soya beans,2022,Annual value,2944,A,2944,A,426,A,138.37,E,Annual,2022-01-01
80,70,Bosnia and Herzegovina,236,Soya beans,2022,Annual value,1040,A,1040,A,559.3,A,171.81,E,Annual,2022-01-01
21,76,Brazil,236,Soya beans,2022,Annual value,2863,A,2863,A,554.4,A,263.2,E,Annual,2022-01-01
27,100,Bulgaria,236,Soya beans,2022,Annual value,1294.6,A,1294.6,A,696,A,135.21,E,Annual,2022-01-01
233,854,Burkina Faso,236,Soya beans,2022,Annual value,,,,,,,125.97,E,Annual,2022-01-01
29,108,Burundi,236,Soya beans,2022,Annual value,,,,,,,122,E,Annual,2022-01-01
115,116,Cambodia,236,Soya beans,2022,Annual value,,,,,,,145.8,E,Annual,2022-01-01
32,120,Cameroon,236,Soya beans,2022,Annual value,,,,,,,107.82,E,Annual,2022-01-01
33,124,Canada,236,Soya beans,2022,Annual value,682.5,A,682.5,A,524.4,A,153.64,E,Annual,2022-01-01
41,156,"China, mainland",236,Soya beans,2022,Annual value,6183,A,6183,A,917.7,A,130.26,E,Annual,2022-01-01
44,170,Colombia,236,Soya beans,2022,Annual value,,,,,,,87.19,E,Annual,2022-01-01
107,384,Côte d'Ivoire,236,Soya beans,2022,Annual value,433000,A,433000,A,694.2,A,248.96,E,Annual,2022-01-01
98,191,Croatia,236,Soya beans,2022,Annual value,4541.5,A,602.8,A,634.3,A,192.57,E,Annual,2022-01-01
167,203,Czechia,236,Soya beans,2022,Annual value,14880,A,14880,A,637.1,A,177.29,E,Annual,2022-01-01
58,218,Ecuador,236,Soya beans,2022,Annual value,644.7,A,644.7,A,644.7,A,109.25,E,Annual,2022-01-01
59,818,Egypt,236,Soya beans,2022,Annual value,21962,A,21962,A,1146.2,A,504.76,E,Annual,2022-01-01
60,222,El Salvador,236,Soya beans,2022,Annual value,,,,,,,131.11,E,Annual,2022-01-01
238,231,Ethiopia,236,Soya beans,2022,Annual value,,,,,,,196.92,E,Annual,2022-01-01
68,250,France,236,Soya beans,2022,Annual value,627,A,627,A,660.3,A,179.2,E,Annual,2022-01-01
73,268,Georgia,236,Soya beans,2022,Annual value,,,,,,,153.86,E,Annual,2022-01-01
79,276,Germany,236,Soya beans,2022,Annual value,596.9,A,596.9,A,628.6,A,202.09,E,Annual,2022-01-01
84,300,Greece,236,Soya beans,2022,Annual value,,,,,,,127.39,E,Annual,2022-01-01
95,340,Honduras,236,Soya beans,2022,Annual value,,,,,,,108.58,E,Annual,2022-01-01
97,348,Hungary,236,Soya beans,2022,Annual value,214141,A,214141,A,574.7,A,203.79,E,Annual,2022-01-01
100,356,India,236,Soya beans,2022,Annual value,,,,,,,141.3,E,Annual,2022-01-01
101,360,Indonesia,236,Soya beans,2022,Annual value,9898251.5,A,9898251.5,A,666.6,A,119.08,E,Annual,2022-01-01
102,364,Iran (Islamic Republic of),236,Soya beans,2022,Annual value,177251000,A,177251000,A,676.1,A,922.73,E,Annual,2022-01-01
106,380,Italy,236,Soya beans,2022,Annual value,,,,,,,88.74,E,Annual,2022-01-01
110,392,Japan,236,Soya beans,2022,Annual value,151916.7,A,151916.7,A,1155.3,A,98.35,E,Annual,2022-01-01
108,398,Kazakhstan,236,Soya beans,2022,Annual value,208766,A,208766,A,453.7,A,293.21,E,Annual,2022-01-01
114,404,Kenya,236,Soya beans,2022,Annual value,74726,A,74726,A,634,A,,,Annual,2022-01-01
113,417,Kyrgyzstan,236,Soya beans,2022,Annual value,,,,,,,98.21,E,Annual,2022-01-01
120,418,Lao People's Democratic Republic,236,Soya beans,2022,Annual value,,,,,,,132.65,E,Annual,2022-01-01
119,428,Latvia,236,Soya beans,2022,Annual value,,,,,,,103.32,E,Annual,2022-01-01
129,450,Madagascar,236,Soya beans,2022,Annual value,,,,,,,103.33,E,Annual,2022-01-01
130,454,Malawi,236,Soya beans,2022,Annual value,,,,,,,218.8,E,Annual,2022-01-01
131,458,Malaysia,236,Soya beans,2022,Annual value,,,,,,,130.69,E,Annual,2022-01-01
133,466,Mali,236,Soya beans,2022,Annual value,,,,,,,108.05,E,Annual,2022-01-01
138,484,Mexico,236,Soya beans,2022,Annual value,9447.8,A,9447.8,A,469.4,A,157.23,E,Annual,2022-01-01
143,504,Morocco,236,Soya beans,2022,Annual value,,,,,,,90.67,E,Annual,2022-01-01
28,104,Myanmar,236,Soya beans,2022,Annual value,,,,,,,200.06,E,Annual,2022-01-01
149,524,Nepal,236,Soya beans,2022,Annual value,103000,A,103000,A,822.7,A,112.78,E,Annual,2022-01-01
156,554,New Zealand,236,Soya beans,2022,Annual value,,,,,219.3,A,,,Annual,2022-01-01
157,558,Nicaragua,236,Soya beans,2022,Annual value,39251.3,A,39251.3,A,1094.1,A,154.47,E,Annual,2022-01-01
159,566,Nigeria,236,Soya beans,2022,Annual value,,,,,,,201.04,E,Annual,2022-01-01
154,807,North Macedonia,236,Soya beans,2022,Annual value,,,,,,,141.79,E,Annual,2022-01-01
165,586,Pakistan,236,Soya beans,2022,Annual value,,,,,,,127.7,E,Annual,2022-01-01
166,591,Panama,236,Soya beans,2022,Annual value,,,,,,,103.04,E,Annual,2022-01-01
169,600,Paraguay,236,Soya beans,2022,Annual value,3826000,A,3826000,A,547.9,A,205.74,E,Annual,2022-01-01
170,604,Peru,236,Soya beans,2022,Annual value,2930,A,2930,A,764,A,123.25,E,Annual,2022-01-01
171,608,Philippines,236,Soya beans,2022,Annual value,27000,A,27000,A,495.6,A,114.78,E,Annual,2022-01-01
173,616,Poland,236,Soya beans,2022,Annual value,,,,,,,119.14,E,Annual,2022-01-01
117,410,Republic of Korea,236,Soya beans,2022,Annual value,,,,,,,112.62,E,Annual,2022-01-01
146,498,Republic of Moldova,236,Soya beans,2022,Annual value,9400,A,9400,A,497.4,A,165.17,E,Annual,2022-01-01
183,642,Romania,236,Soya beans,2022,Annual value,2470,A,2470,A,526.8,A,178.55,E,Annual,2022-01-01
185,643,Russian Federation,236,Soya beans,2022,Annual value,37973,A,37973,A,554.5,A,191.57,E,Annual,2022-01-01
184,646,Rwanda,236,Soya beans,2022,Annual value,888039.7,A,888039.7,A,861.9,A,189.22,E,Annual,2022-01-01
272,688,Serbia,236,Soya beans,2022,Annual value,74892.2,A,74892.2,A,670.7,A,197.33,E,Annual,2022-01-01
199,703,Slovakia,236,Soya beans,2022,Annual value,573.8,A,573.8,A,604.2,A,173.1,E,Annual,2022-01-01
198,705,Slovenia,236,Soya beans,2022,Annual value,595.8,A,595.8,A,627.4,A,192.19,E,Annual,2022-01-01
202,710,South Africa,236,Soya beans,2022,Annual value,8505.2,A,8505.2,A,520,A,154.85,E,Annual,2022-01-01
203,724,Spain,236,Soya beans,2022,Annual value,674.2,A,674.2,A,710,A,141.54,E,Annual,2022-01-01
38,144,Sri Lanka,236,Soya beans,2022,Annual value,274473.7,A,274473.7,A,850.7,A,204.11,E,Annual,2022-01-01
207,740,Suriname,236,Soya beans,2022,Annual value,,,,,,,428.97,E,Annual,2022-01-01
211,756,Switzerland,236,Soya beans,2022,Annual value,,,,,,,107.94,E,Annual,2022-01-01
212,760,Syrian Arab Republic,236,Soya beans,2022,Annual value,,,,,,,111.4,E,Annual,2022-01-01
208,762,Tajikistan,236,Soya beans,2022,Annual value,,,,,,,200.35,E,Annual,2022-01-01
216,764,Thailand,236,Soya beans,2022,Annual value,23230,A,23230,A,662.6,A,150.13,E,Annual,2022-01-01
176,626,Timor-Leste,236,Soya beans,2022,Annual value,,,,,,,104.33,E,Annual,2022-01-01
217,768,Togo,236,Soya beans,2022,Annual value,365000,A,365000,A,585.2,A,166.67,E,Annual,2022-01-01
223,792,Türkiye,236,Soya beans,2022,Annual value,8941.2,A,8941.2,A,540.3,A,793.75,E,Annual,2022-01-01
230,804,Ukraine,236,Soya beans,2022,Annual value,14870,A,14870,A,459.8,A,212.43,E,Annual,2022-01-01
215,834,United Republic of Tanzania,236,Soya beans,2022,Annual value,,,,,,,146.43,E,Annual,2022-01-01
231,840,United States of America,236,Soya beans,2022,Annual value,525.4,A,525.4,A,525.4,A,150.4,E,Annual,2022-01-01
234,858,Uruguay,236,Soya beans,2022,Annual value,23233,A,23233,A,564.3,A,226.07,E,Annual,2022-01-01
235,860,Uzbekistan,236,Soya beans,2022,Annual value,9308330,A,9308330,A,842.4,A,,,Annual,2022-01-01
237,704,Viet Nam,236,Soya beans,2022,Annual value,20764015.6,A,20764015.6,A,892.3,A,115.49,E,Annual,2022-01-01
251,894,Zambia,236,Soya beans,2022,Annual value,,,,,,,132.86,E,Annual,2022-01-01
181,716,Zimbabwe,236,Soya beans,2022,Annual value,119667,A,,,119667,A,,,Annual,2022-01-01
3,8,Albania,236,Soya beans,2023,Annual value,75461.9,A,75461.9,A,749.8,A,85.09,E,Annual,2023-01-01
7,24,Angola,236,Soya beans,2023,Annual value,,,,,,,110.12,E,Annual,2023-01-01
9,32,Argentina,236,Soya beans,2023,Annual value,,,,,,,509.03,E,Annual,2023-01-01
10,36,Australia,236,Soya beans,2023,Annual value,,,,,,,113.06,E,Annual,2023-01-01
11,40,Austria,236,Soya beans,2023,Annual value,407,A,407,A,440.1,A,122.22,E,Annual,2023-01-01
52,31,Azerbaijan,236,Soya beans,2023,Annual value,,,,,,,108.44,E,Annual,2023-01-01
16,50,Bangladesh,236,Soya beans,2023,Annual value,,,,,,,79.26,E,Annual,2023-01-01
23,84,Belize,236,Soya beans,2023,Annual value,1873.9,A,1873.9,A,937,A,231.48,E,Annual,2023-01-01
18,64,Bhutan,236,Soya beans,2023,Annual value,,,,,,,102.84,E,Annual,2023-01-01
19,68,Bolivia (Plurinational State of),236,Soya beans,2023,Annual value,2736.2,A,2736.2,A,396,A,128.61,E,Annual,2023-01-01
80,70,Bosnia and Herzegovina,236,Soya beans,2023,Annual value,716,A,716,A,395.8,A,118.28,E,Annual,2023-01-01
21,76,Brazil,236,Soya beans,2023,Annual value,2291.8,A,2291.8,A,458.9,A,210.69,E,Annual,2023-01-01
27,100,Bulgaria,236,Soya beans,2023,Annual value,1077.2,A,1077.2,A,595.5,A,112.51,E,Annual,2023-01-01
233,854,Burkina Faso,236,Soya beans,2023,Annual value,,,,,,,114.96,E,Annual,2023-01-01
29,108,Burundi,236,Soya beans,2023,Annual value,,,,,,,128.64,E,Annual,2023-01-01
115,116,Cambodia,236,Soya beans,2023,Annual value,,,,,,,164.12,E,Annual,2023-01-01
32,120,Cameroon,236,Soya beans,2023,Annual value,,,,,,,114.49,E,Annual,2023-01-01
33,124,Canada,236,Soya beans,2023,Annual value,667,A,667,A,494.1,A,150.15,E,Annual,2023-01-01
41,156,"China, mainland",236,Soya beans,2023,Annual value,5428.7,A,5428.7,A,766.3,A,114.37,E,Annual,2023-01-01
44,170,Colombia,236,Soya beans,2023,Annual value,,,,,,,87.19,E,Annual,2023-01-01
107,384,Côte d'Ivoire,236,Soya beans,2023,Annual value,,,,,,,217.17,E,Annual,2023-01-01
98,191,Croatia,236,Soya beans,2023,Annual value,403.4,B,403.4,B,436.2,B,128.88,E,Annual,2023-01-01
167,203,Czechia,236,Soya beans,2023,Annual value,12707,A,12707,A,572.4,A,151.4,E,Annual,2023-01-01
58,218,Ecuador,236,Soya beans,2023,Annual value,558.6,A,558.6,A,558.6,A,94.66,E,Annual,2023-01-01
59,818,Egypt,236,Soya beans,2023,Annual value,26657,A,26657,A,870.4,A,612.66,E,Annual,2023-01-01
60,222,El Salvador,236,Soya beans,2023,Annual value,,,,,,,124.91,E,Annual,2023-01-01
238,231,Ethiopia,236,Soya beans,2023,Annual value,,,,,,,246.55,E,Annual,2023-01-01
68,250,France,236,Soya beans,2023,Annual value,520.1,A,520.1,A,562.4,A,148.65,E,Annual,2023-01-01
73,268,Georgia,236,Soya beans,2023,Annual value,,,,,,,182.77,E,Annual,2023-01-01
79,276,Germany,236,Soya beans,2023,Annual value,441,A,441,A,476.8,A,149.3,E,Annual,2023-01-01
84,300,Greece,236,Soya beans,2023,Annual value,,,,,,,128.97,E,Annual,2023-01-01
95,340,Honduras,236,Soya beans,2023,Annual value,,,,,,,109.27,E,Annual,2023-01-01
97,348,Hungary,236,Soya beans,2023,Annual value,174671,A,174671,A,494.7,A,166.23,E,Annual,2023-01-01
100,356,India,236,Soya beans,2023,Annual value,,,,,,,139.55,E,Annual,2023-01-01
101,360,Indonesia,236,Soya beans,2023,Annual value,10263531.1,A,10263531.1,A,673.6,A,123.47,E,Annual,2023-01-01
102,364,Iran (Islamic Republic of),236,Soya beans,2023,Annual value,300946000,A,300946000,A,844.9,A,1566.66,E,Annual,2023-01-01
106,380,Italy,236,Soya beans,2023,Annual value,,,,,,,93.56,E,Annual,2023-01-01
110,392,Japan,236,Soya beans,2023,Annual value,148433.3,A,148433.3,A,1056.5,A,96.1,E,Annual,2023-01-01
108,398,Kazakhstan,236,Soya beans,2023,Annual value,236214,A,236214,A,517.8,A,331.76,E,Annual,2023-01-01
114,404,Kenya,236,Soya beans,2023,Annual value,72087,A,72087,A,515.5,A,,,Annual,2023-01-01
113,417,Kyrgyzstan,236,Soya beans,2023,Annual value,,,,,,,99.22,E,Annual,2023-01-01
120,418,Lao People's Democratic Republic,236,Soya beans,2023,Annual value,,,,,,,137.37,E,Annual,2023-01-01
119,428,Latvia,236,Soya beans,2023,Annual value,,,,,,,111.2,E,Annual,2023-01-01
129,450,Madagascar,236,Soya beans,2023,Annual value,,,,,,,103.8,E,Annual,2023-01-01
130,454,Malawi,236,Soya beans,2023,Annual value,,,,,,,211.79,E,Annual,2023-01-01
131,458,Malaysia,236,Soya beans,2023,Annual value,,,,,,,129.18,E,Annual,2023-01-01
133,466,Mali,236,Soya beans,2023,Annual value,,,,,,,108.95,E,Annual,2023-01-01
138,484,Mexico,236,Soya beans,2023,Annual value,9268.6,A,9268.6,A,521.9,A,154.25,E,Annual,2023-01-01
143,504,Morocco,236,Soya beans,2023,Annual value,,,,,,,95.51,E,Annual,2023-01-01
28,104,Myanmar,236,Soya beans,2023,Annual value,,,,,,,185.22,E,Annual,2023-01-01
149,524,Nepal,236,Soya beans,2023,Annual value,105285.9,A,105285.9,A,796.9,A,115.29,E,Annual,2023-01-01
157,558,Nicaragua,236,Soya beans,2023,Annual value,27772.4,A,27772.4,A,762.1,A,109.29,E,Annual,2023-01-01
159,566,Nigeria,236,Soya beans,2023,Annual value,,,,,,,208.2,E,Annual,2023-01-01
154,807,North Macedonia,236,Soya beans,2023,Annual value,,,,,,,142.62,E,Annual,2023-01-01
165,586,Pakistan,236,Soya beans,2023,Annual value,,,,,,,123.12,E,Annual,2023-01-01
166,591,Panama,236,Soya beans,2023,Annual value,,,,,,,109.29,E,Annual,2023-01-01
169,600,Paraguay,236,Soya beans,2023,Annual value,3248272.7,A,3248272.7,A,445.6,A,174.67,E,Annual,2023-01-01
170,604,Peru,236,Soya beans,2023,Annual value,2640,A,2640,A,705.2,A,111.05,E,Annual,2023-01-01
171,608,Philippines,236,Soya beans,2023,Annual value,31820,A,31820,A,572,A,135.27,E,Annual,2023-01-01
173,616,Poland,236,Soya beans,2023,Annual value,,,,,,,131.84,E,Annual,2023-01-01
117,410,Republic of Korea,236,Soya beans,2023,Annual value,,,,,,,113.48,E,Annual,2023-01-01
146,498,Republic of Moldova,236,Soya beans,2023,Annual value,6678,A,6678,A,367.7,A,117.34,E,Annual,2023-01-01
183,642,Romania,236,Soya beans,2023,Annual value,2010,A,2010,A,439.4,A,145.3,E,Annual,2023-01-01
185,643,Russian Federation,236,Soya beans,2023,Annual value,,,,,,,185.59,E,Annual,2023-01-01
184,646,Rwanda,236,Soya beans,2023,Annual value,887918.3,A,887918.3,A,765.4,A,189.2,E,Annual,2023-01-01
272,688,Serbia,236,Soya beans,2023,Annual value,49870,A,49870,A,460,A,131.4,E,Annual,2023-01-01
199,703,Slovakia,236,Soya beans,2023,Annual value,407.6,A,407.6,A,440.7,A,122.96,E,Annual,2023-01-01
198,705,Slovenia,236,Soya beans,2023,Annual value,389.5,A,389.5,A,421.2,A,125.65,E,Annual,2023-01-01
202,710,South Africa,236,Soya beans,2023,Annual value,7529.6,A,7529.6,A,408.1,A,137.08,E,Annual,2023-01-01
203,724,Spain,236,Soya beans,2023,Annual value,585.4,A,585.4,A,633,A,122.9,E,Annual,2023-01-01
38,144,Sri Lanka,236,Soya beans,2023,Annual value,285000,A,285000,A,870.2,A,211.93,E,Annual,2023-01-01
207,740,Suriname,236,Soya beans,2023,Annual value,,,,,,,783.42,E,Annual,2023-01-01
211,756,Switzerland,236,Soya beans,2023,Annual value,,,,,,,119.9,E,Annual,2023-01-01
212,760,Syrian Arab Republic,236,Soya beans,2023,Annual value,,,,,,,108.96,E,Annual,2023-01-01
208,762,Tajikistan,236,Soya beans,2023,Annual value,,,,,,,213.44,E,Annual,2023-01-01
216,764,Thailand,236,Soya beans,2023,Annual value,20520,A,20520,A,589.6,A,132.62,E,Annual,2023-01-01
176,626,Timor-Leste,236,Soya beans,2023,Annual value,,,,,,,127.34,E,Annual,2023-01-01
217,768,Togo,236,Soya beans,2023,Annual value,,,,,,,161.08,E,Annual,2023-01-01
223,792,Türkiye,236,Soya beans,2023,Annual value,12451.4,A,12451.4,A,524.5,A,1105.37,E,Annual,2023-01-01
230,804,Ukraine,236,Soya beans,2023,Annual value,14651,A,14651,A,400.6,A,209.3,E,Annual,2023-01-01
215,834,United Republic of Tanzania,236,Soya beans,2023,Annual value,,,,,,,166.72,E,Annual,2023-01-01
231,840,United States of America,236,Soya beans,2023,Annual value,455.6,A,455.6,A,455.6,A,130.41,E,Annual,2023-01-01
234,858,Uruguay,236,Soya beans,2023,Annual value,,,,,,,257.1,E,Annual,2023-01-01
235,860,Uzbekistan,236,Soya beans,2023,Annual value,8923440,A,8923440,A,760.4,A,,,Annual,2023-01-01
237,704,Viet Nam,236,Soya beans,2023,Annual value,22102073.2,A,22102073.2,A,929.2,A,122.93,E,Annual,2023-01-01
251,894,Zambia,236,Soya beans,2023,Annual value,,,,,,,132.47,E,Annual,2023-01-01
181,716,Zimbabwe,236,Soya beans,2023,Annual value,2388958,A,,,680.8,A,,,Annual,2023-01-01
3,8,Albania,236,Soya beans,2024,Annual value,79872.9,A,79872.9,A,857.7,A,90.06,E,Annual,2024-01-01
7,24,Angola,236,Soya beans,2024,Annual value,,,,,,,110.49,E,Annual,2024-01-01
9,32,Argentina,236,Soya beans,2024,Annual value,,,,,,,596.68,E,Annual,2024-01-01
10,36,Australia,236,Soya beans,2024,Annual value,,,,,,,116.55,E,Annual,2024-01-01
11,40,Austria,236,Soya beans,2024,Annual value,417,A,417,A,451.1,A,125.23,E,Annual,2024-01-01
52,31,Azerbaijan,236,Soya beans,2024,Annual value,,,,,,,120.65,E,Annual,2024-01-01
16,50,Bangladesh,236,Soya beans,2024,Annual value,,,,,,,114,E,Annual,2024-01-01
23,84,Belize,236,Soya beans,2024,Annual value,1653.5,A,1653.5,A,826.7,A,204.25,E,Annual,2024-01-01
18,64,Bhutan,236,Soya beans,2024,Annual value,,,,,,,160.84,E,Annual,2024-01-01
19,68,Bolivia (Plurinational State of),236,Soya beans,2024,Annual value,2872.2,A,2872.2,A,415.7,A,135,E,Annual,2024-01-01
80,70,Bosnia and Herzegovina,236,Soya beans,2024,Annual value,842,A,842,A,465.8,A,139.1,E,Annual,2024-01-01
21,76,Brazil,236,Soya beans,2024,Annual value,1801.3,A,1801.3,A,334.2,A,165.59,E,Annual,2024-01-01
27,100,Bulgaria,236,Soya beans,2024,Annual value,1000,A,1000,A,553.1,A,104.44,E,Annual,2024-01-01
233,854,Burkina Faso,236,Soya beans,2024,Annual value,,,,,,,126.64,E,Annual,2024-01-01
29,108,Burundi,236,Soya beans,2024,Annual value,,,,,,,129.52,E,Annual,2024-01-01
115,116,Cambodia,236,Soya beans,2024,Annual value,,,,,,,167.36,E,Annual,2024-01-01
32,120,Cameroon,236,Soya beans,2024,Annual value,,,,,,,114.98,E,Annual,2024-01-01
33,124,Canada,236,Soya beans,2024,Annual value,533.4,A,533.4,A,389.5,A,120.07,E,Annual,2024-01-01
41,156,"China, mainland",236,Soya beans,2024,Annual value,7450,A,7450,A,1035.1,A,156.95,E,Annual,2024-01-01
44,170,Colombia,236,Soya beans,2024,Annual value,,,,,,,87.19,E,Annual,2024-01-01
107,384,Côte d'Ivoire,236,Soya beans,2024,Annual value,,,,,,,270.97,E,Annual,2024-01-01
98,191,Croatia,236,Soya beans,2024,Annual value,430.7,A,430.7,A,466,A,137.61,E,Annual,2024-01-01
167,203,Czechia,236,Soya beans,2024,Annual value,10884,A,10884,A,468.8,A,129.68,E,Annual,2024-01-01
58,218,Ecuador,236,Soya beans,2024,Annual value,566.9,A,566.9,A,566.9,A,96.06,E,Annual,2024-01-01
59,818,Egypt,236,Soya beans,2024,Annual value,,,,,,,693.28,E,Annual,2024-01-01
60,222,El Salvador,236,Soya beans,2024,Annual value,,,,,,,125.67,E,Annual,2024-01-01
238,231,Ethiopia,236,Soya beans,2024,Annual value,,,,,,,220.91,E,Annual,2024-01-01
68,250,France,236,Soya beans,2024,Annual value,,,,,,,163.74,E,Annual,2024-01-01
73,268,Georgia,236,Soya beans,2024,Annual value,,,,,,,197.27,E,Annual,2024-01-01
79,276,Germany,236,Soya beans,2024,Annual value,421.2,A,421.2,A,455.6,A,142.59,E,Annual,2024-01-01
84,300,Greece,236,Soya beans,2024,Annual value,,,,,,,128.79,E,Annual,2024-01-01
95,340,Honduras,236,Soya beans,2024,Annual value,,,,,,,109.95,E,Annual,2024-01-01
97,348,Hungary,236,Soya beans,2024,Annual value,173810,A,173810,A,475.3,A,165.41,E,Annual,2024-01-01
100,356,India,236,Soya beans,2024,Annual value,,,,,,,151.78,E,Annual,2024-01-01
101,360,Indonesia,236,Soya beans,2024,Annual value,12280471.3,A,12280471.3,A,774.5,A,147.73,E,Annual,2024-01-01
102,364,Iran (Islamic Republic of),236,Soya beans,2024,Annual value,,,,,,,2053.31,E,Annual,2024-01-01
106,380,Italy,236,Soya beans,2024,Annual value,,,,,,,92.12,E,Annual,2024-01-01
110,392,Japan,236,Soya beans,2024,Annual value,126766.7,A,126766.7,A,837.5,A,82.07,E,Annual,2024-01-01
108,398,Kazakhstan,236,Soya beans,2024,Annual value,,,,,,,351.96,E,Annual,2024-01-01
114,404,Kenya,236,Soya beans,2024,Annual value,66325.9,A,66325.9,A,491.9,A,,,Annual,2024-01-01
113,417,Kyrgyzstan,236,Soya beans,2024,Annual value,,,,,,,99.43,E,Annual,2024-01-01
120,418,Lao People's Democratic Republic,236,Soya beans,2024,Annual value,,,,,,,133.1,E,Annual,2024-01-01
119,428,Latvia,236,Soya beans,2024,Annual value,,,,,,,122.96,E,Annual,2024-01-01
129,450,Madagascar,236,Soya beans,2024,Annual value,,,,,,,104.28,E,Annual,2024-01-01
130,454,Malawi,236,Soya beans,2024,Annual value,,,,,,,218.74,E,Annual,2024-01-01
131,458,Malaysia,236,Soya beans,2024,Annual value,,,,,,,127.96,E,Annual,2024-01-01
133,466,Mali,236,Soya beans,2024,Annual value,,,,,,,109.85,E,Annual,2024-01-01
138,484,Mexico,236,Soya beans,2024,Annual value,8068.3,A,8068.3,A,440.8,A,134.27,E,Annual,2024-01-01
143,504,Morocco,236,Soya beans,2024,Annual value,,,,,,,97.94,E,Annual,2024-01-01
28,104,Myanmar,236,Soya beans,2024,Annual value,,,,,,,204.89,E,Annual,2024-01-01
149,524,Nepal,236,Soya beans,2024,Annual value,107623.2,A,107623.2,A,804.8,A,117.84,E,Annual,2024-01-01
159,566,Nigeria,236,Soya beans,2024,Annual value,,,,,,,219.13,E,Annual,2024-01-01
154,807,North Macedonia,236,Soya beans,2024,Annual value,,,,,,,165.33,E,Annual,2024-01-01
165,586,Pakistan,236,Soya beans,2024,Annual value,,,,,,,157.21,E,Annual,2024-01-01
166,591,Panama,236,Soya beans,2024,Annual value,,,,,,,112.02,E,Annual,2024-01-01
169,600,Paraguay,236,Soya beans,2024,Annual value,2643417,A,2643417,A,349.6,A,142.14,E,Annual,2024-01-01
170,604,Peru,236,Soya beans,2024,Annual value,2530,A,2530,A,673.5,A,106.42,E,Annual,2024-01-01
171,608,Philippines,236,Soya beans,2024,Annual value,41031,A,41031,A,716.2,A,174.43,E,Annual,2024-01-01
173,616,Poland,236,Soya beans,2024,Annual value,,,,,,,140.04,E,Annual,2024-01-01
117,410,Republic of Korea,236,Soya beans,2024,Annual value,,,,,,,113.73,E,Annual,2024-01-01
146,498,Republic of Moldova,236,Soya beans,2024,Annual value,6875,A,6875,A,388.9,A,120.8,E,Annual,2024-01-01
183,642,Romania,236,Soya beans,2024,Annual value,1980,A,1980,A,430.6,A,143.13,E,Annual,2024-01-01
185,643,Russian Federation,236,Soya beans,2024,Annual value,,,,,,,190.57,E,Annual,2024-01-01
184,646,Rwanda,236,Soya beans,2024,Annual value,1034373.7,A,1034373.7,A,784.7,A,220.41,E,Annual,2024-01-01
272,688,Serbia,236,Soya beans,2024,Annual value,55000.5,A,55000.5,A,508.3,A,144.92,E,Annual,2024-01-01
199,703,Slovakia,236,Soya beans,2024,Annual value,409.4,A,409.4,A,442.9,A,123.51,E,Annual,2024-01-01
198,705,Slovenia,236,Soya beans,2024,Annual value,394.2,A,394.2,A,426.5,A,127.16,E,Annual,2024-01-01
202,710,South Africa,236,Soya beans,2024,Annual value,8516.3,A,8516.3,A,464.6,A,155.05,E,Annual,2024-01-01
203,724,Spain,236,Soya beans,2024,Annual value,555.9,A,555.9,A,601.4,A,116.71,E,Annual,2024-01-01
38,144,Sri Lanka,236,Soya beans,2024,Annual value,276645.8,A,276645.8,A,920,A,205.72,E,Annual,2024-01-01
207,740,Suriname,236,Soya beans,2024,Annual value,,,,,,,966.8,E,Annual,2024-01-01
211,756,Switzerland,236,Soya beans,2024,Annual value,,,,,,,118.73,E,Annual,2024-01-01
212,760,Syrian Arab Republic,236,Soya beans,2024,Annual value,,,,,,,110.85,E,Annual,2024-01-01
208,762,Tajikistan,236,Soya beans,2024,Annual value,,,,,,,224.54,E,Annual,2024-01-01
216,764,Thailand,236,Soya beans,2024,Annual value,17002,A,17002,A,481.7,A,109.88,E,Annual,2024-01-01
176,626,Timor-Leste,236,Soya beans,2024,Annual value,,,,,,,128.95,E,Annual,2024-01-01
217,768,Togo,236,Soya beans,2024,Annual value,,,,,,,167.76,E,Annual,2024-01-01
223,792,Türkiye,236,Soya beans,2024,Annual value,16249.5,A,16249.5,A,495.3,A,1442.55,E,Annual,2024-01-01
230,804,Ukraine,236,Soya beans,2024,Annual value,,,,,,,219.66,E,Annual,2024-01-01
215,834,United Republic of Tanzania,236,Soya beans,2024,Annual value,,,,,,,179.08,E,Annual,2024-01-01
231,840,United States of America,236,Soya beans,2024,Annual value,371.1,A,371.1,A,371.1,A,106.22,E,Annual,2024-01-01
234,858,Uruguay,236,Soya beans,2024,Annual value,,,,,,,283.81,E,Annual,2024-01-01
235,860,Uzbekistan,236,Soya beans,2024,Annual value,9326779.5,A,9326779.5,A,737.2,A,,,Annual,2024-01-01
237,704,Viet Nam,236,Soya beans,2024,Annual value,23235333.7,A,23235333.7,A,927.9,A,129.23,E,Annual,2024-01-01
251,894,Zambia,236,Soya beans,2024,Annual value,,,,,,,146.18,E,Annual,2024-01-01
3,8,Albania,236,Soya beans,2025,Annual value,,,,,,,114.53,E,Annual,2025-01-01
7,24,Angola,236,Soya beans,2025,Annual value,,,,,,,108.63,E,Annual,2025-01-01
9,32,Argentina,236,Soya beans,2025,Annual value,,,,,,,684.33,E,Annual,2025-01-01
10,36,Australia,236,Soya beans,2025,Annual value,,,,,,,120.8,E,Annual,2025-01-01
11,40,Austria,236,Soya beans,2025,Annual value,,,,,,,121.37,E,Annual,2025-01-01
52,31,Azerbaijan,236,Soya beans,2025,Annual value,,,,,,,124.53,E,Annual,2025-01-01
16,50,Bangladesh,236,Soya beans,2025,Annual value,,,,,,,126.1,E,Annual,2025-01-01
23,84,Belize,236,Soya beans,2025,Annual value,,,,,,,222.09,E,Annual,2025-01-01
18,64,Bhutan,236,Soya beans,2025,Annual value,,,,,,,113.47,E,Annual,2025-01-01
19,68,Bolivia (Plurinational State of),236,Soya beans,2025,Annual value,,,,,,,141.39,E,Annual,2025-01-01
80,70,Bosnia and Herzegovina,236,Soya beans,2025,Annual value,,,,,,,147.03,E,Annual,2025-01-01
21,76,Brazil,236,Soya beans,2025,Annual value,,,,,,,220.23,E,Annual,2025-01-01
27,100,Bulgaria,236,Soya beans,2025,Annual value,,,,,,,106.77,E,Annual,2025-01-01
233,854,Burkina Faso,236,Soya beans,2025,Annual value,,,,,,,130.44,E,Annual,2025-01-01
29,108,Burundi,236,Soya beans,2025,Annual value,,,,,,,130.98,E,Annual,2025-01-01
115,116,Cambodia,236,Soya beans,2025,Annual value,,,,,,,174.89,E,Annual,2025-01-01
32,120,Cameroon,236,Soya beans,2025,Annual value,,,,,,,116.31,E,Annual,2025-01-01
33,124,Canada,236,Soya beans,2025,Annual value,,,,,,,90,E,Annual,2025-01-01
41,156,"China, mainland",236,Soya beans,2025,Annual value,,,,,,,177.08,E,Annual,2025-01-01
44,170,Colombia,236,Soya beans,2025,Annual value,,,,,,,87.19,E,Annual,2025-01-01
107,384,Côte d'Ivoire,236,Soya beans,2025,Annual value,,,,,,,327.85,E,Annual,2025-01-01
98,191,Croatia,236,Soya beans,2025,Annual value,,,,,,,133.75,E,Annual,2025-01-01
167,203,Czechia,236,Soya beans,2025,Annual value,,,,,,,112.65,E,Annual,2025-01-01
58,218,Ecuador,236,Soya beans,2025,Annual value,,,,,,,115.32,E,Annual,2025-01-01
59,818,Egypt,236,Soya beans,2025,Annual value,,,,,,,784.51,E,Annual,2025-01-01
60,222,El Salvador,236,Soya beans,2025,Annual value,,,,,,,126.42,E,Annual,2025-01-01
238,231,Ethiopia,236,Soya beans,2025,Annual value,,,,,,,240.22,E,Annual,2025-01-01
68,250,France,236,Soya beans,2025,Annual value,,,,,,,179.43,E,Annual,2025-01-01
73,268,Georgia,236,Soya beans,2025,Annual value,,,,,,,217.51,E,Annual,2025-01-01
79,276,Germany,236,Soya beans,2025,Annual value,,,,,,,135.87,E,Annual,2025-01-01
84,300,Greece,236,Soya beans,2025,Annual value,,,,,,,132.74,E,Annual,2025-01-01
95,340,Honduras,236,Soya beans,2025,Annual value,,,,,,,110.64,E,Annual,2025-01-01
97,348,Hungary,236,Soya beans,2025,Annual value,,,,,,,162,E,Annual,2025-01-01
100,356,India,236,Soya beans,2025,Annual value,,,,,,,149.07,E,Annual,2025-01-01
101,360,Indonesia,236,Soya beans,2025,Annual value,,,,,,,158.62,E,Annual,2025-01-01
102,364,Iran (Islamic Republic of),236,Soya beans,2025,Annual value,,,,,,,2539.97,E,Annual,2025-01-01
106,380,Italy,236,Soya beans,2025,Annual value,,,,,,,92.38,E,Annual,2025-01-01
110,392,Japan,236,Soya beans,2025,Annual value,,,,,,,91.46,E,Annual,2025-01-01
108,398,Kazakhstan,236,Soya beans,2025,Annual value,,,,,,,382.07,E,Annual,2025-01-01
113,417,Kyrgyzstan,236,Soya beans,2025,Annual value,,,,,,,99.64,E,Annual,2025-01-01
120,418,Lao People's Democratic Republic,236,Soya beans,2025,Annual value,,,,,,,141.3,E,Annual,2025-01-01
119,428,Latvia,236,Soya beans,2025,Annual value,,,,,,,112.53,E,Annual,2025-01-01
129,450,Madagascar,236,Soya beans,2025,Annual value,,,,,,,104.75,E,Annual,2025-01-01
130,454,Malawi,236,Soya beans,2025,Annual value,,,,,,,219.05,E,Annual,2025-01-01
131,458,Malaysia,236,Soya beans,2025,Annual value,,,,,,,126.73,E,Annual,2025-01-01
133,466,Mali,236,Soya beans,2025,Annual value,,,,,,,110.75,E,Annual,2025-01-01
138,484,Mexico,236,Soya beans,2025,Annual value,,,,,,,115.23,E,Annual,2025-01-01
143,504,Morocco,236,Soya beans,2025,Annual value,,,,,,,100.36,E,Annual,2025-01-01
28,104,Myanmar,236,Soya beans,2025,Annual value,,,,,,,219.51,E,Annual,2025-01-01
149,524,Nepal,236,Soya beans,2025,Annual value,,,,,,,135.33,E,Annual,2025-01-01
159,566,Nigeria,236,Soya beans,2025,Annual value,,,,,,,230.07,E,Annual,2025-01-01
154,807,North Macedonia,236,Soya beans,2025,Annual value,,,,,,,181.05,E,Annual,2025-01-01
165,586,Pakistan,236,Soya beans,2025,Annual value,,,,,,,157.21,E,Annual,2025-01-01
166,591,Panama,236,Soya beans,2025,Annual value,,,,,,,114.99,E,Annual,2025-01-01
169,600,Paraguay,236,Soya beans,2025,Annual value,,,,,,,145.98,E,Annual,2025-01-01
170,604,Peru,236,Soya beans,2025,Annual value,,,,,,,110.98,E,Annual,2025-01-01
171,608,Philippines,236,Soya beans,2025,Annual value,,,,,,,205.52,E,Annual,2025-01-01
173,616,Poland,236,Soya beans,2025,Annual value,,,,,,,148.24,E,Annual,2025-01-01
117,410,Republic of Korea,236,Soya beans,2025,Annual value,,,,,,,114.28,E,Annual,2025-01-01
146,498,Republic of Moldova,236,Soya beans,2025,Annual value,,,,,,,115.52,E,Annual,2025-01-01
183,642,Romania,236,Soya beans,2025,Annual value,,,,,,,138.32,E,Annual,2025-01-01
185,643,Russian Federation,236,Soya beans,2025,Annual value,,,,,,,194.24,E,Annual,2025-01-01
184,646,Rwanda,236,Soya beans,2025,Annual value,,,,,,,240.4,E,Annual,2025-01-01
272,688,Serbia,236,Soya beans,2025,Annual value,,,,,,,143.36,E,Annual,2025-01-01
199,703,Slovakia,236,Soya beans,2025,Annual value,,,,,,,117.88,E,Annual,2025-01-01
198,705,Slovenia,236,Soya beans,2025,Annual value,,,,,,,118.16,E,Annual,2025-01-01
202,710,South Africa,236,Soya beans,2025,Annual value,,,,,,,181.72,E,Annual,2025-01-01
203,724,Spain,236,Soya beans,2025,Annual value,,,,,,,147.78,E,Annual,2025-01-01
38,144,Sri Lanka,236,Soya beans,2025,Annual value,,,,,,,209.63,E,Annual,2025-01-01
207,740,Suriname,236,Soya beans,2025,Annual value,,,,,,,1104.75,E,Annual,2025-01-01
211,756,Switzerland,236,Soya beans,2025,Annual value,,,,,,,119.89,E,Annual,2025-01-01
212,760,Syrian Arab Republic,236,Soya beans,2025,Annual value,,,,,,,111.17,E,Annual,2025-01-01
208,762,Tajikistan,236,Soya beans,2025,Annual value,,,,,,,235.64,E,Annual,2025-01-01
216,764,Thailand,236,Soya beans,2025,Annual value,,,,,,,147.35,E,Annual,2025-01-01
176,626,Timor-Leste,236,Soya beans,2025,Annual value,,,,,,,130.71,E,Annual,2025-01-01
217,768,Togo,236,Soya beans,2025,Annual value,,,,,,,174.43,E,Annual,2025-01-01
223,792,Türkiye,236,Soya beans,2025,Annual value,,,,,,,1779.73,E,Annual,2025-01-01
230,804,Ukraine,236,Soya beans,2025,Annual value,,,,,,,228.79,E,Annual,2025-01-01
215,834,United Republic of Tanzania,236,Soya beans,2025,Annual value,,,,,,,194.06,E,Annual,2025-01-01
231,840,United States of America,236,Soya beans,2025,Annual value,,,,,,,82.03,E,Annual,2025-01-01
234,858,Uruguay,236,Soya beans,2025,Annual value,,,,,,,310.52,E,Annual,2025-01-01
237,704,Viet Nam,236,Soya beans,2025,Annual value,,,,,,,135.89,E,Annual,2025-01-01
251,894,Zambia,236,Soya beans,2025,Annual value,,,,,,,146.94,E,Annual,2025-01-01
